t_ms,wref,wl,wr,dl,dr
4,0.000,-0.000,-0.000,0.000,0.000
9,0.000,-0.000,-0.000,0.000,0.000
14,0.000,-0.000,-0.000,0.000,0.000
19,0.000,-0.000,-0.000,0.000,0.000
24,0.000,-0.000,-0.000,0.000,0.000
29,0.000,-0.000,-0.000,0.000,0.000
34,0.000,-0.000,-0.000,0.000,0.000
39,0.000,-0.000,-0.000,0.000,0.000
44,0.000,-0.000,-0.000,0.000,0.000
49,0.000,-0.000,-0.000,0.000,0.000
54,0.000,-0.000,-0.000,0.000,0.000
59,0.000,-0.000,-0.000,0.000,0.000
64,0.000,-0.000,-0.000,0.000,0.000
69,0.000,-0.000,-0.000,0.000,0.000
74,0.000,-0.000,-0.000,0.000,0.000
79,0.000,-0.000,-0.000,0.000,0.000
84,0.000,-0.000,-0.000,0.000,0.000
89,0.000,-0.000,-0.000,0.000,0.000
94,0.000,-0.000,-0.000,0.000,0.000
99,0.000,-0.000,-0.000,0.000,0.000
104,0.000,-0.000,-0.000,0.000,0.000
109,0.000,-0.000,-0.000,0.000,0.000
114,0.000,-0.000,-0.000,0.000,0.000
119,0.000,-0.000,-0.000,0.000,0.000
124,0.000,-0.000,-0.000,0.000,0.000
129,0.000,-0.000,-0.000,0.000,0.000
134,0.000,-0.000,-0.000,0.000,0.000
139,0.000,-0.000,-0.000,0.000,0.000
144,0.000,-0.000,-0.000,0.000,0.000
149,0.000,-0.000,-0.000,0.000,0.000
154,0.000,-0.000,-0.000,0.000,0.000
159,0.000,-0.000,-0.000,0.000,0.000
164,0.000,-0.000,-0.000,0.000,0.000
169,0.000,-0.000,-0.000,0.000,0.000
174,0.000,-0.000,-0.000,0.000,0.000
179,0.000,-0.000,-0.000,0.000,0.000
184,0.000,-0.000,-0.000,0.000,0.000
189,0.000,-0.000,-0.000,0.000,0.000
194,0.000,-0.000,-0.000,0.000,0.000
199,0.000,-0.000,-0.000,0.000,0.000
204,0.000,-0.000,-0.000,0.000,0.000
209,0.000,-0.000,-0.000,0.000,0.000
214,0.000,-0.000,-0.000,0.000,0.000
219,0.000,-0.000,-0.000,0.000,0.000
224,0.000,-0.000,-0.000,0.000,0.000
229,0.000,-0.000,-0.000,0.000,0.000
234,0.000,-0.000,-0.000,0.000,0.000
239,0.000,-0.000,-0.000,0.000,0.000
244,0.000,-0.000,-0.000,0.000,0.000
249,0.000,-0.000,-0.000,0.000,0.000
254,0.000,-0.000,-0.000,0.000,0.000
259,0.000,-0.000,-0.000,0.000,0.000
264,0.000,-0.000,-0.000,0.000,0.000
269,0.000,-0.000,-0.000,0.000,0.000
274,0.000,-0.000,-0.000,0.000,0.000
279,0.000,-0.000,-0.000,0.000,0.000
284,0.000,-0.000,-0.000,0.000,0.000
289,0.000,-0.000,-0.000,0.000,0.000
294,0.000,-0.000,-0.000,0.000,0.000
299,0.000,-0.000,-0.000,0.000,0.000
304,0.000,-0.000,-0.000,0.000,0.000
309,0.000,-0.000,-0.000,0.000,0.000
314,0.000,-0.000,-0.000,0.000,0.000
319,0.000,-0.000,-0.000,0.000,0.000
324,0.000,-0.000,-0.000,0.000,0.000
329,0.000,-0.000,-0.000,0.000,0.000
334,0.000,-0.000,-0.000,0.000,0.000
339,0.000,-0.000,-0.000,0.000,0.000
344,0.000,-0.000,-0.000,0.000,0.000
349,0.000,-0.000,-0.000,0.000,0.000
354,0.000,-0.000,-0.000,0.000,0.000
359,0.000,-0.000,-0.000,0.000,0.000
364,0.000,-0.000,-0.000,0.000,0.000
369,0.000,-0.000,-0.000,0.000,0.000
374,0.000,-0.000,-0.000,0.000,0.000
379,0.000,-0.000,-0.000,0.000,0.000
384,0.000,-0.000,-0.000,0.000,0.000
389,0.000,-0.000,-0.000,0.000,0.000
394,0.000,-0.000,-0.000,0.000,0.000
399,0.000,-0.000,-0.000,0.000,0.000
404,0.000,-0.000,-0.000,0.000,0.000
409,0.000,-0.000,-0.000,0.000,0.000
414,0.000,-0.000,-0.000,0.000,0.000
419,0.000,-0.000,-0.000,0.000,0.000
424,0.000,-0.000,-0.000,0.000,0.000
429,0.000,-0.000,-0.000,0.000,0.000
434,0.000,-0.000,-0.000,0.000,0.000
439,0.000,-0.000,-0.000,0.000,0.000
444,0.000,-0.000,-0.000,0.000,0.000
449,0.000,-0.000,-0.000,0.000,0.000
454,0.000,-0.000,-0.000,0.000,0.000
459,0.000,-0.000,-0.000,0.000,0.000
464,0.000,-0.000,-0.000,0.000,0.000
469,0.000,-0.000,-0.000,0.000,0.000
474,0.000,-0.000,-0.000,0.000,0.000
479,0.000,-0.000,-0.000,0.000,0.000
484,0.000,-0.000,-0.000,0.000,0.000
489,0.000,-0.000,-0.000,0.000,0.000
494,0.000,-0.000,-0.000,0.000,0.000
499,0.000,-0.000,-0.000,0.000,0.000
504,6.000,-0.000,-0.000,0.474,0.474
509,6.000,0.462,0.462,0.457,0.457
514,6.000,0.700,0.700,0.451,0.451
519,6.000,2.208,1.284,0.380,0.427
524,6.000,2.984,2.509,0.345,0.370
529,6.000,3.384,3.139,0.328,0.342
534,6.000,4.052,4.387,0.298,0.283
539,6.000,4.857,4.568,0.259,0.275
544,6.000,5.272,4.661,0.240,0.272
549,6.000,5.485,5.171,0.230,0.248
554,6.000,5.595,5.434,0.225,0.235
559,6.000,5.652,5.569,0.222,0.229
564,6.000,5.681,5.638,0.221,0.226
569,6.000,5.696,5.674,0.221,0.225
574,6.000,5.704,5.692,0.221,0.224
579,6.000,5.708,5.702,0.221,0.224
584,6.000,5.710,5.707,0.221,0.224
589,6.000,5.711,5.709,0.221,0.224
594,6.000,5.711,5.711,0.222,0.224
599,6.000,5.712,5.711,0.222,0.225
604,6.000,5.712,5.712,0.222,0.225
609,6.000,5.712,5.712,0.222,0.225
614,6.000,5.712,5.712,0.223,0.226
619,6.000,5.712,5.712,0.223,0.226
624,6.000,5.712,5.712,0.223,0.226
629,6.000,5.712,6.174,0.224,0.203
634,6.000,5.712,5.950,0.224,0.214
639,6.000,5.712,5.834,0.224,0.220
644,6.000,5.712,5.775,0.224,0.223
649,6.000,5.712,5.744,0.225,0.225
654,6.000,5.712,5.729,0.225,0.226
659,6.000,5.712,5.721,0.225,0.227
664,6.000,5.712,5.716,0.226,0.227
669,6.000,5.712,5.714,0.226,0.228
674,6.000,5.712,5.713,0.226,0.228
679,6.000,5.712,5.713,0.226,0.228
684,6.000,5.712,5.712,0.227,0.229
689,6.000,5.712,5.712,0.227,0.229
694,6.000,5.712,5.712,0.227,0.229
699,6.000,5.712,5.712,0.228,0.229
704,6.000,5.712,5.712,0.228,0.230
709,6.000,5.712,6.174,0.228,0.207
714,6.000,5.712,5.950,0.228,0.218
719,6.000,5.712,5.834,0.229,0.224
724,6.000,5.712,5.775,0.229,0.227
729,6.000,6.174,5.744,0.206,0.229
734,6.000,5.950,5.729,0.217,0.230
739,6.000,5.834,5.721,0.223,0.230
744,6.000,5.775,5.716,0.226,0.231
749,6.000,5.744,5.714,0.228,0.231
754,6.000,5.729,5.713,0.229,0.232
759,6.000,5.721,5.713,0.230,0.232
764,6.000,5.716,6.174,0.230,0.209
769,6.000,5.714,5.950,0.231,0.220
774,6.000,5.713,5.834,0.231,0.226
779,6.000,5.713,5.775,0.231,0.229
784,6.000,5.712,5.744,0.232,0.231
789,6.000,5.712,5.729,0.232,0.232
794,6.000,5.712,6.182,0.232,0.210
799,6.000,6.174,5.954,0.209,0.221
804,6.000,5.950,5.837,0.220,0.227
809,6.000,5.834,5.776,0.226,0.230
814,6.000,5.775,5.745,0.229,0.232
819,6.000,5.744,5.729,0.231,0.233
824,6.000,5.729,5.721,0.232,0.233
829,6.000,5.721,5.716,0.233,0.234
834,6.000,6.178,6.176,0.210,0.211
839,6.000,5.952,5.951,0.221,0.222
844,6.000,5.836,5.835,0.227,0.228
849,6.000,5.776,5.775,0.230,0.231
854,6.000,5.745,5.745,0.232,0.233
859,6.000,5.729,6.191,0.233,0.211
864,6.000,5.721,5.958,0.234,0.222
869,6.000,5.716,5.839,0.234,0.228
874,6.000,5.714,5.777,0.235,0.232
879,6.000,6.175,5.746,0.212,0.233
884,6.000,5.950,5.729,0.223,0.235
889,6.000,5.835,5.721,0.229,0.235
894,6.000,5.775,6.178,0.232,0.213
899,6.000,5.745,5.952,0.234,0.224
904,6.000,5.729,5.836,0.235,0.230
909,6.000,6.183,5.776,0.212,0.233
914,6.000,5.954,6.207,0.224,0.212
919,6.000,5.837,5.967,0.230,0.223
924,6.000,5.776,5.843,0.233,0.230
929,6.000,5.745,5.779,0.234,0.233
934,6.000,5.729,5.747,0.236,0.235
939,6.000,5.721,5.730,0.236,0.236
944,6.000,5.716,5.721,0.237,0.237
949,6.000,6.176,6.179,0.214,0.214
954,6.000,5.951,5.952,0.225,0.225
959,6.000,5.835,5.836,0.231,0.231
964,6.000,5.775,6.238,0.234,0.211
969,6.000,5.745,5.983,0.236,0.224
974,6.000,6.191,5.851,0.214,0.230
979,6.000,5.958,5.784,0.225,0.234
984,6.000,5.839,5.749,0.231,0.236
989,6.000,5.777,5.731,0.234,0.237
994,6.000,5.746,6.184,0.236,0.214
999,6.000,5.729,5.955,0.237,0.226
1004,6.000,6.183,5.837,0.215,0.232
1009,6.000,5.954,5.776,0.226,0.235
1014,6.000,5.837,6.207,0.232,0.213
1019,6.000,5.776,5.967,0.235,0.225
1024,6.000,6.207,5.843,0.214,0.231
1029,6.000,5.967,5.780,0.226,0.235
1034,6.000,5.843,5.747,0.232,0.237
1039,6.000,5.780,5.730,0.235,0.238
1044,6.000,5.747,6.183,0.237,0.215
1049,6.000,5.730,5.955,0.238,0.227
1054,6.000,5.721,5.837,0.239,0.233
1059,6.000,6.179,6.238,0.216,0.213
1064,6.000,5.952,5.983,0.228,0.225
1069,6.000,5.836,5.851,0.233,0.232
1074,6.000,6.238,5.784,0.214,0.235
1079,6.000,5.983,5.749,0.226,0.237
1084,6.000,5.851,5.731,0.233,0.238
1089,6.000,5.784,6.184,0.236,0.216
1094,6.000,5.749,5.955,0.238,0.227
1099,6.000,5.731,5.837,0.239,0.233
1104,6.000,6.184,6.238,0.217,0.213
1109,6.000,5.955,5.983,0.228,0.226
1114,6.000,5.837,5.851,0.234,0.232
1119,6.000,5.776,5.784,0.237,0.236
1124,6.000,6.207,5.749,0.216,0.238
1129,6.000,5.967,6.193,0.228,0.216
1134,6.000,5.843,5.960,0.234,0.227
1139,6.000,5.780,5.839,0.237,0.233
1144,6.000,5.747,6.240,0.239,0.214
1149,6.000,5.730,5.984,0.240,0.226
1154,6.000,6.183,5.852,0.218,0.233
1159,6.000,5.955,5.784,0.229,0.236
1164,6.000,5.837,5.749,0.235,0.238
1169,6.000,6.238,6.193,0.215,0.216
1174,6.000,5.983,5.960,0.228,0.228
1179,6.000,5.851,5.839,0.234,0.234
1184,6.000,5.784,5.778,0.238,0.237
1189,6.000,5.749,6.208,0.240,0.216
1194,6.000,5.731,5.967,0.241,0.228
1199,6.000,6.184,5.843,0.219,0.234
1204,6.000,5.955,5.780,0.230,0.237
1209,6.000,5.837,6.209,0.236,0.216
1214,6.000,6.238,5.968,0.216,0.228
1219,6.000,5.983,5.844,0.228,0.234
1224,6.000,5.851,6.242,0.235,0.214
1229,6.000,5.784,5.985,0.238,0.227
1234,6.000,5.749,5.852,0.240,0.234
1239,6.000,6.193,5.784,0.219,0.237
1244,6.000,5.960,5.749,0.230,0.239
1249,6.000,5.839,6.193,0.236,0.217
1254,6.000,5.778,5.960,0.239,0.229
1259,6.000,6.208,5.839,0.218,0.235
1264,6.000,5.967,6.240,0.230,0.215
1269,6.000,5.843,5.984,0.236,0.227
1274,6.000,5.780,5.852,0.239,0.234
1279,6.000,5.747,5.784,0.241,0.238
1284,6.000,6.192,6.211,0.219,0.216
1289,6.000,5.959,5.969,0.231,0.228
1294,6.000,5.839,5.844,0.237,0.235
1299,6.000,6.239,5.780,0.217,0.238
1304,6.000,5.983,6.209,0.229,0.217
1309,6.000,5.852,5.968,0.236,0.229
1314,6.000,5.784,5.844,0.240,0.235
1319,6.000,6.211,5.780,0.218,0.238
1324,6.000,5.969,6.209,0.230,0.217
1329,6.000,5.844,5.968,0.237,0.229
1334,6.000,5.780,5.844,0.240,0.235
1339,6.000,6.209,5.780,0.219,0.238
1344,6.000,5.968,6.209,0.231,0.217
1349,6.000,5.844,5.968,0.237,0.229
1354,6.000,5.780,5.844,0.240,0.235
1359,6.000,5.747,5.780,0.242,0.239
1364,6.000,6.192,6.209,0.220,0.217
1369,6.000,5.959,5.968,0.231,0.229
1374,6.000,5.839,5.844,0.238,0.235
1379,6.000,6.239,6.242,0.218,0.216
1384,6.000,5.983,5.985,0.230,0.228
1389,6.000,5.852,5.852,0.237,0.235
1394,6.000,5.784,5.784,0.240,0.238
1399,6.000,6.211,6.211,0.219,0.217
1404,6.000,5.969,5.969,0.231,0.229
1409,6.000,5.844,5.844,0.237,0.235
1414,6.000,6.242,6.242,0.218,0.216
1419,6.000,5.985,5.985,0.230,0.228
1424,6.000,5.852,5.852,0.237,0.235
1429,6.000,5.784,5.784,0.240,0.239
1434,6.000,5.749,5.749,0.242,0.241
1439,6.000,6.193,6.193,0.220,0.219
1444,6.000,5.960,5.960,0.232,0.230
1449,6.000,5.839,6.301,0.238,0.213
1454,6.000,6.240,6.015,0.218,0.227
1459,6.000,5.984,5.868,0.231,0.234
1464,6.000,5.852,5.792,0.237,0.238
1469,6.000,5.784,5.753,0.241,0.240
1474,6.000,6.211,6.195,0.220,0.219
1479,6.000,5.969,5.961,0.232,0.230
1484,6.000,5.844,5.840,0.238,0.236
1489,6.000,6.242,6.240,0.218,0.216
1494,6.000,5.985,5.984,0.231,0.229
1499,6.000,5.852,5.852,0.237,0.236
1504,6.000,5.784,5.784,0.241,0.239
1509,6.000,5.749,6.211,0.243,0.218
1514,6.000,6.193,5.969,0.221,0.230
1519,6.000,5.960,5.844,0.232,0.236
1524,6.000,5.839,6.242,0.239,0.216
1529,6.000,6.240,5.985,0.219,0.229
1534,6.000,5.984,5.852,0.231,0.236
1539,6.000,5.852,5.784,0.238,0.239
1544,6.000,5.784,6.211,0.241,0.218
1549,6.000,6.211,5.969,0.220,0.230
1554,6.000,5.969,5.844,0.232,0.236
1559,6.000,5.844,6.242,0.238,0.216
1564,6.000,6.242,5.985,0.219,0.229
1569,6.000,5.985,5.852,0.231,0.236
1574,6.000,5.852,5.784,0.238,0.239
1579,6.000,5.784,6.211,0.241,0.218
1584,6.000,5.749,5.969,0.243,0.230
1589,6.000,6.193,5.844,0.222,0.236
1594,6.000,5.960,6.242,0.233,0.217
1599,6.000,6.301,5.985,0.216,0.229
1604,6.000,6.015,5.852,0.230,0.236
1609,6.000,5.868,5.784,0.237,0.239
1614,6.000,5.792,6.211,0.241,0.218
1619,6.000,5.753,5.969,0.243,0.230
1624,6.000,6.195,5.844,0.222,0.236
1629,6.000,5.961,6.242,0.233,0.217
1634,6.000,6.302,5.985,0.216,0.229
1639,6.000,6.016,5.852,0.230,0.236
1644,6.000,5.868,5.784,0.237,0.240
1649,6.000,5.792,6.211,0.241,0.218
1654,6.000,5.753,5.969,0.243,0.230
1659,6.000,6.195,5.844,0.222,0.237
1664,6.000,5.961,6.242,0.233,0.217
1669,6.000,6.302,5.985,0.216,0.229
1674,6.000,6.016,5.852,0.230,0.236
1679,6.000,5.868,5.784,0.238,0.240
1684,6.000,5.792,6.211,0.241,0.219
1689,6.000,5.753,5.969,0.244,0.230
1694,6.000,6.195,5.844,0.222,0.237
1699,6.000,5.961,6.242,0.233,0.217
1704,6.000,6.302,5.985,0.216,0.230
1709,6.000,6.016,5.852,0.230,0.236
1714,6.000,5.868,5.784,0.238,0.240
1719,6.000,5.792,5.749,0.242,0.242
1724,6.000,5.753,6.193,0.244,0.220
1729,6.000,6.195,5.960,0.222,0.231
1734,6.000,5.961,6.301,0.233,0.214
1739,6.000,6.302,6.015,0.216,0.228
1744,6.000,6.016,5.868,0.230,0.236
1749,6.000,5.868,5.792,0.238,0.239
1754,6.000,5.792,6.215,0.242,0.219
1759,6.000,6.215,5.971,0.221,0.231
1764,6.000,5.971,5.845,0.233,0.237
1769,6.000,5.845,6.243,0.239,0.217
1774,6.000,6.243,5.985,0.219,0.230
1779,6.000,5.985,5.853,0.232,0.236
1784,6.000,5.853,5.784,0.239,0.240
1789,6.000,5.784,6.211,0.242,0.219
1794,6.000,5.749,5.969,0.244,0.231
1799,6.000,6.193,5.844,0.222,0.237
1804,6.000,5.960,6.242,0.234,0.217
1809,6.000,6.301,5.985,0.217,0.230
1814,6.000,6.015,5.852,0.231,0.237
1819,6.000,5.868,5.784,0.238,0.240
1824,6.000,5.792,6.211,0.242,0.219
1829,6.000,6.215,5.969,0.221,0.231
1834,6.000,5.971,5.844,0.233,0.237
1839,6.000,5.845,6.242,0.239,0.217
1844,6.000,6.243,5.985,0.220,0.230
1849,6.000,5.985,5.852,0.232,0.237
1854,6.000,5.853,5.784,0.239,0.240
1859,6.000,5.784,6.211,0.242,0.219
1864,6.000,5.749,5.969,0.244,0.231
1869,6.000,6.193,5.844,0.222,0.237
1874,6.000,5.960,6.242,0.234,0.218
1879,6.000,6.301,5.985,0.217,0.230
1884,6.000,6.015,5.852,0.231,0.237
1889,6.000,5.868,6.246,0.238,0.217
1894,6.000,5.792,5.987,0.242,0.230
1899,6.000,6.215,5.854,0.221,0.237
1904,6.000,5.971,6.247,0.233,0.217
1909,6.000,5.845,5.987,0.239,0.230
1914,6.000,6.243,5.854,0.220,0.237
1919,6.000,5.985,5.785,0.232,0.240
1924,6.000,5.853,5.750,0.239,0.242
1929,6.000,5.784,6.193,0.243,0.220
1934,6.000,6.211,5.960,0.221,0.232
1939,6.000,5.969,6.301,0.233,0.215
1944,6.000,5.844,6.015,0.240,0.229
1949,6.000,6.242,5.868,0.220,0.236
1954,6.000,5.985,5.792,0.233,0.240
1959,6.000,5.852,6.215,0.239,0.219
1964,6.000,5.784,5.971,0.243,0.231
1969,6.000,6.211,5.845,0.222,0.237
1974,6.000,5.969,6.243,0.233,0.218
1979,6.000,5.844,5.985,0.240,0.230
1984,6.000,6.242,5.853,0.220,0.237
1989,6.000,5.985,5.784,0.233,0.240
1994,6.000,5.852,6.211,0.239,0.219
1999,6.000,5.784,5.969,0.243,0.231
2004,0.000,6.211,6.306,-0.252,-0.260
2009,0.000,5.969,5.556,-0.246,-0.228
2014,0.000,4.920,5.170,-0.200,-0.215
2019,0.000,3.919,4.047,-0.155,-0.164
2024,0.000,2.941,3.469,-0.110,-0.139
2029,0.000,2.438,2.248,-0.088,-0.081
2034,0.000,1.717,1.619,-0.054,-0.052
2039,0.000,0.884,0.834,-0.014,-0.014
2044,0.000,0.455,0.891,0.007,-0.018
2049,0.000,0.234,0.459,0.017,0.003
2054,0.000,0.121,0.236,0.023,0.013
2059,0.000,0.062,0.122,0.025,0.019
2064,0.000,0.032,0.063,0.027,0.022
2069,0.000,0.016,0.032,0.028,0.023
2074,0.000,0.008,0.017,0.028,0.024
2079,0.000,0.004,0.009,0.028,0.024
2084,0.000,0.002,0.004,0.028,0.024
2089,0.000,0.001,0.002,0.028,0.024
2094,0.000,0.001,0.001,0.028,0.024
2099,0.000,0.000,0.001,0.028,0.024
2104,0.000,0.000,0.000,0.028,0.025
2109,0.000,0.000,0.000,0.028,0.025
2114,0.000,0.000,0.000,0.028,0.025
2119,0.000,0.000,0.000,0.028,0.025
2124,0.000,0.000,0.000,0.028,0.025
2129,0.000,0.000,0.000,0.028,0.025
2134,0.000,0.000,0.000,0.028,0.025
2139,0.000,0.000,0.000,0.028,0.025
2144,0.000,0.000,0.000,0.028,0.025
2149,0.000,0.000,0.000,0.028,0.025
2154,0.000,0.000,0.000,0.028,0.025
2159,0.000,0.000,0.000,0.028,0.025
2164,0.000,0.000,0.000,0.028,0.025
2169,0.000,0.000,0.000,0.028,0.025
2174,0.000,0.000,0.000,0.028,0.025
2179,0.000,0.000,0.000,0.028,0.025
2184,0.000,0.000,0.000,0.028,0.025
2189,0.000,0.000,0.000,0.028,0.025
2194,0.000,0.000,0.000,0.028,0.025
2199,0.000,0.000,0.000,0.028,0.025
2204,0.000,0.000,0.000,0.028,0.025
2209,0.000,0.000,0.000,0.028,0.025
2214,0.000,0.000,0.000,0.028,0.025
2219,0.000,0.000,0.000,0.028,0.025
2224,0.000,0.000,0.000,0.028,0.025
2229,0.000,0.000,0.000,0.028,0.025
2234,0.000,0.000,0.000,0.028,0.025
2239,0.000,0.000,0.000,0.028,0.025
2244,0.000,0.000,0.000,0.028,0.025
2249,0.000,0.000,0.000,0.028,0.025
2254,0.000,0.000,0.000,0.028,0.025
2259,0.000,0.000,0.000,0.028,0.025
2264,0.000,0.000,0.000,0.028,0.025
2269,0.000,0.000,0.000,0.028,0.025
2274,0.000,0.000,0.000,0.028,0.025
2279,0.000,0.000,0.000,0.028,0.025
2284,0.000,0.000,0.000,0.028,0.025
2289,0.000,0.000,0.000,0.028,0.025
2294,0.000,0.000,0.000,0.028,0.025
2299,0.000,0.000,0.000,0.028,0.025
2304,0.000,0.000,0.000,0.028,0.025
2309,0.000,0.000,0.000,0.028,0.025
2314,0.000,0.000,0.000,0.028,0.025
2319,0.000,0.000,0.000,0.028,0.025
2324,0.000,0.000,0.000,0.028,0.025
2329,0.000,0.000,0.000,0.028,0.025
2334,0.000,0.000,0.000,0.028,0.025
2339,0.000,0.000,0.000,0.028,0.025
2344,0.000,0.000,0.000,0.028,0.025
2349,0.000,0.000,0.000,0.028,0.025
2354,0.000,0.000,0.000,0.028,0.025
2359,0.000,0.000,0.000,0.028,0.025
2364,0.000,0.000,0.000,0.028,0.025
2369,0.000,0.000,0.000,0.028,0.025
2374,0.000,0.000,0.000,0.028,0.025
2379,0.000,0.000,0.000,0.028,0.025
2384,0.000,0.000,0.000,0.028,0.025
2389,0.000,0.000,0.000,0.028,0.025
2394,0.000,0.000,0.000,0.028,0.025
2399,0.000,0.000,0.000,0.028,0.025
2404,0.000,0.000,0.000,0.028,0.025
2409,0.000,0.000,0.000,0.028,0.025
2414,0.000,0.000,0.000,0.028,0.025
2419,0.000,0.000,0.000,0.028,0.025
2424,0.000,0.000,0.000,0.028,0.025
2429,0.000,0.000,0.000,0.028,0.025
2434,0.000,0.000,0.000,0.028,0.025
2439,0.000,0.000,0.000,0.028,0.025
2444,0.000,0.000,0.000,0.028,0.025
2449,0.000,0.000,0.000,0.028,0.025
2454,0.000,0.000,0.000,0.028,0.025
2459,0.000,0.000,0.000,0.028,0.025
2464,0.000,0.000,0.000,0.028,0.025
2469,0.000,0.000,0.000,0.028,0.025
2474,0.000,0.000,0.000,0.028,0.025
2479,0.000,0.000,0.000,0.028,0.025
2484,0.000,0.000,0.000,0.028,0.025
2489,0.000,0.000,0.000,0.028,0.025
2494,0.000,0.000,0.000,0.028,0.025
2499,0.000,0.000,0.000,0.028,0.025
2504,0.000,0.000,0.000,0.028,0.025
2509,0.000,0.000,0.000,0.028,0.025
2514,0.000,0.000,0.000,0.028,0.025
2519,0.000,0.000,0.000,0.028,0.025
2524,0.000,0.000,0.000,0.028,0.025
2529,0.000,0.000,0.000,0.028,0.025
2534,0.000,0.000,0.000,0.028,0.025
2539,0.000,0.000,0.000,0.028,0.025
2544,0.000,0.000,0.000,0.028,0.025
2549,0.000,0.000,0.000,0.028,0.025
2554,0.000,0.000,0.000,0.028,0.025
2559,0.000,0.000,0.000,0.028,0.025
2564,0.000,0.000,0.000,0.028,0.025
2569,0.000,0.000,0.000,0.028,0.025
2574,0.000,0.000,0.000,0.028,0.025
2579,0.000,0.000,0.000,0.028,0.025
2584,0.000,0.000,0.000,0.028,0.025
2589,0.000,0.000,0.000,0.028,0.025
2594,0.000,0.000,0.000,0.028,0.025
2599,0.000,0.000,0.000,0.028,0.025
2604,0.000,0.000,0.000,0.028,0.025
2609,0.000,0.000,0.000,0.028,0.025
2614,0.000,0.000,0.000,0.028,0.025
2619,0.000,0.000,0.000,0.028,0.025
2624,0.000,0.000,0.000,0.028,0.025
2629,0.000,0.000,0.000,0.028,0.025
2634,0.000,0.000,0.000,0.028,0.025
2639,0.000,0.000,0.000,0.028,0.025
2644,0.000,0.000,0.000,0.028,0.025
2649,0.000,0.000,0.000,0.028,0.025
2654,0.000,0.000,0.000,0.028,0.025
2659,0.000,0.000,0.000,0.028,0.025
2664,0.000,0.000,0.000,0.028,0.025
2669,0.000,0.000,0.000,0.028,0.025
2674,0.000,0.000,0.000,0.028,0.025
2679,0.000,0.000,0.000,0.028,0.025
2684,0.000,0.000,0.000,0.028,0.025
2689,0.000,0.000,0.000,0.028,0.025
2694,0.000,0.000,0.000,0.028,0.025
2699,0.000,0.000,0.000,0.028,0.025
2704,0.000,0.000,0.000,0.028,0.025
2709,0.000,0.000,0.000,0.028,0.025
2714,0.000,0.000,0.000,0.028,0.025
2719,0.000,0.000,0.000,0.028,0.025
2724,0.000,0.000,0.000,0.028,0.025
2729,0.000,0.000,0.000,0.028,0.025
2734,0.000,0.000,0.000,0.028,0.025
2739,0.000,0.000,0.000,0.028,0.025
2744,0.000,0.000,0.000,0.028,0.025
2749,0.000,0.000,0.000,0.028,0.025
2754,0.000,0.000,0.000,0.028,0.025
2759,0.000,0.000,0.000,0.028,0.025
2764,0.000,0.000,0.000,0.028,0.025
2769,0.000,0.000,0.000,0.028,0.025
2774,0.000,0.000,0.000,0.028,0.025
2779,0.000,0.000,0.000,0.028,0.025
2784,0.000,0.000,0.000,0.028,0.025
2789,0.000,0.000,0.000,0.028,0.025
2794,0.000,0.000,0.000,0.028,0.025
2799,0.000,0.000,0.000,0.028,0.025
2804,0.000,0.000,0.000,0.028,0.025
2809,0.000,0.000,0.000,0.028,0.025
2814,0.000,0.000,0.000,0.028,0.025
2819,0.000,0.000,0.000,0.028,0.025
2824,0.000,0.000,0.000,0.028,0.025
2829,0.000,0.000,0.000,0.028,0.025
2834,0.000,0.000,0.000,0.028,0.025
2839,0.000,0.000,0.000,0.028,0.025
2844,0.000,0.000,0.000,0.028,0.025
2849,0.000,0.000,0.000,0.028,0.025
2854,0.000,0.000,0.000,0.028,0.025
2859,0.000,0.000,0.000,0.028,0.025
2864,0.000,0.000,0.000,0.028,0.025
2869,0.000,0.000,0.000,0.028,0.025
2874,0.000,0.000,0.000,0.028,0.025
2879,0.000,0.000,0.000,0.028,0.025
2884,0.000,0.000,0.000,0.028,0.025
2889,0.000,0.000,0.000,0.028,0.025
2894,0.000,0.000,0.000,0.028,0.025
2899,0.000,0.000,0.000,0.028,0.025
2904,0.000,0.000,0.000,0.028,0.025
2909,0.000,0.000,0.000,0.028,0.025
2914,0.000,0.000,0.000,0.028,0.025
2919,0.000,0.000,0.000,0.028,0.025
2924,0.000,0.000,0.000,0.028,0.025
2929,0.000,0.000,0.000,0.028,0.025
2934,0.000,0.000,0.000,0.028,0.025
2939,0.000,0.000,0.000,0.028,0.025
2944,0.000,0.000,0.000,0.028,0.025
2949,0.000,0.000,0.000,0.028,0.025
2954,0.000,0.000,0.000,0.028,0.025
2959,0.000,0.000,0.000,0.028,0.025
2964,0.000,0.000,0.000,0.028,0.025
2969,0.000,0.000,0.000,0.028,0.025
2974,0.000,0.000,0.000,0.028,0.025
2979,0.000,0.000,0.000,0.028,0.025
2984,0.000,0.000,0.000,0.028,0.025
2989,0.000,0.000,0.000,0.028,0.025
2994,0.000,0.000,0.000,0.028,0.025
2999,0.000,0.000,0.000,0.028,0.025
3004,-6.000,0.000,0.000,-0.446,-0.449
3009,-6.000,-0.462,-0.462,-0.429,-0.432
3014,-6.000,-0.700,-0.700,-0.422,-0.426
3019,-6.000,-1.746,-1.284,-0.375,-0.402
3024,-6.000,-2.746,-2.509,-0.329,-0.346
3029,-6.000,-3.261,-3.139,-0.307,-0.318
3034,-6.000,-3.989,-3.926,-0.273,-0.281
3039,-6.000,-4.363,-4.330,-0.257,-0.263
3044,-6.000,-5.017,-4.539,-0.226,-0.254
3049,-6.000,-5.354,-5.108,-0.210,-0.227
3054,-6.000,-5.066,-5.401,-0.225,-0.213
3059,-6.000,-5.379,-5.552,-0.210,-0.206
3064,-6.000,-5.541,-5.168,-0.203,-0.226
3069,-6.000,-5.162,-5.432,-0.222,-0.214
3074,-6.000,-5.429,-5.568,-0.209,-0.208
3079,-6.000,-5.566,-5.176,-0.203,-0.228
3084,-6.000,-5.637,-5.436,-0.200,-0.215
3089,-6.000,-5.211,-5.570,-0.222,-0.209
3094,-6.000,-5.454,-5.639,-0.210,-0.206
3099,-6.000,-5.579,-5.674,-0.205,-0.205
3104,-6.000,-5.182,-5.231,-0.225,-0.227
3109,-6.000,-5.439,-5.464,-0.213,-0.216
3114,-6.000,-5.571,-5.123,-0.207,-0.234
3119,-6.000,-5.640,-5.409,-0.204,-0.221
3124,-6.000,-5.213,-5.556,-0.226,-0.214
3129,-6.000,-5.455,-5.632,-0.214,-0.211
3134,-6.000,-5.580,-5.671,-0.209,-0.209
3139,-6.000,-5.182,-5.229,-0.229,-0.231
3144,-6.000,-5.439,-5.463,-0.217,-0.220
3149,-6.000,-5.572,-5.584,-0.211,-0.215
3154,-6.000,-5.640,-5.646,-0.208,-0.212
3159,-6.000,-5.675,-5.216,-0.206,-0.234
3164,-6.000,-5.231,-5.457,-0.229,-0.223
3169,-6.000,-5.464,-5.581,-0.218,-0.217
3174,-6.000,-5.584,-5.644,-0.212,-0.214
3179,-6.000,-5.646,-5.677,-0.210,-0.213
3184,-6.000,-5.216,-5.232,-0.232,-0.236
3189,-6.000,-5.457,-5.465,-0.220,-0.225
3194,-6.000,-5.581,-5.585,-0.215,-0.219
3199,-6.000,-5.644,-5.647,-0.212,-0.217
3204,-6.000,-5.677,-5.678,-0.211,-0.215
3209,-6.000,-5.694,-5.233,-0.210,-0.238
3214,-6.000,-5.703,-5.465,-0.210,-0.227
3219,-6.000,-5.245,-5.585,-0.233,-0.222
3224,-6.000,-5.472,-5.647,-0.223,-0.219
3229,-6.000,-5.588,-5.678,-0.217,-0.218
3234,-6.000,-5.648,-5.695,-0.215,-0.217
3239,-6.000,-5.217,-5.703,-0.237,-0.217
3244,-6.000,-5.457,-5.707,-0.225,-0.217
3249,-6.000,-5.581,-5.710,-0.220,-0.217
3254,-6.000,-5.644,-5.711,-0.217,-0.218
3259,-6.000,-5.677,-5.249,-0.216,-0.241
3264,-6.000,-5.694,-5.474,-0.215,-0.231
3269,-6.000,-5.703,-5.589,-0.215,-0.225
3274,-6.000,-5.707,-5.649,-0.215,-0.223
3279,-6.000,-5.710,-5.679,-0.215,-0.222
3284,-6.000,-5.711,-5.695,-0.216,-0.221
3289,-6.000,-5.711,-5.703,-0.216,-0.221
3294,-6.000,-5.712,-5.708,-0.216,-0.221
3299,-6.000,-5.712,-5.710,-0.216,-0.221
3304,-6.000,-5.712,-5.711,-0.217,-0.222
3309,-6.000,-5.250,-5.711,-0.240,-0.222
3314,-6.000,-5.474,-5.712,-0.230,-0.222
3319,-6.000,-5.590,-5.250,-0.224,-0.245
3324,-6.000,-5.649,-5.474,-0.222,-0.235
3329,-6.000,-5.680,-5.590,-0.221,-0.230
3334,-6.000,-5.695,-5.649,-0.220,-0.227
3339,-6.000,-5.703,-6.141,-0.220,-0.203
3344,-6.000,-5.708,-5.933,-0.220,-0.213
3349,-6.000,-5.710,-5.826,-0.220,-0.219
3354,-6.000,-5.711,-5.309,-0.221,-0.245
3359,-6.000,-5.711,-5.504,-0.221,-0.236
3364,-6.000,-5.712,-5.605,-0.221,-0.231
3369,-6.000,-5.712,-5.657,-0.221,-0.229
3374,-6.000,-5.712,-6.146,-0.222,-0.205
3379,-6.000,-5.712,-5.935,-0.222,-0.215
3384,-6.000,-5.712,-5.827,-0.222,-0.221
3389,-6.000,-5.712,-5.771,-0.223,-0.224
3394,-6.000,-5.712,-5.742,-0.223,-0.225
3399,-6.000,-5.712,-5.266,-0.223,-0.249
3404,-6.000,-5.712,-5.482,-0.223,-0.239
3409,-6.000,-5.712,-5.594,-0.224,-0.234
3414,-6.000,-5.712,-6.113,-0.224,-0.209
3419,-6.000,-5.712,-5.918,-0.224,-0.218
3424,-6.000,-5.712,-5.818,-0.225,-0.223
3429,-6.000,-6.174,-5.767,-0.202,-0.226
3434,-6.000,-5.950,-5.740,-0.213,-0.228
3439,-6.000,-5.834,-5.726,-0.219,-0.229
3444,-6.000,-5.313,-5.719,-0.245,-0.229
3449,-6.000,-5.507,-5.716,-0.236,-0.230
3454,-6.000,-5.606,-5.714,-0.231,-0.230
3459,-6.000,-6.119,-5.713,-0.206,-0.230
3464,-6.000,-5.922,-5.713,-0.216,-0.231
3469,-6.000,-5.820,-5.712,-0.221,-0.231
3474,-6.000,-5.768,-5.712,-0.224,-0.231
3479,-6.000,-5.741,-5.712,-0.225,-0.232
3484,-6.000,-5.727,-6.174,-0.226,-0.209
3489,-6.000,-5.720,-5.950,-0.227,-0.220
3494,-6.000,-5.716,-5.834,-0.227,-0.226
3499,-6.000,-5.714,-5.775,-0.228,-0.229
3504,-6.000,-5.713,-5.744,-0.228,-0.231
3509,-6.000,-5.713,-5.729,-0.229,-0.232
3514,-6.000,-5.712,-5.721,-0.229,-0.232
3519,-6.000,-5.712,-5.716,-0.229,-0.233
3524,-6.000,-5.712,-5.714,-0.229,-0.233
3529,-6.000,-5.712,-5.713,-0.230,-0.233
3534,-6.000,-6.174,-5.713,-0.207,-0.234
3539,-6.000,-5.950,-5.712,-0.218,-0.234
3544,-6.000,-5.834,-5.712,-0.224,-0.234
3549,-6.000,-5.775,-6.174,-0.227,-0.212
3554,-6.000,-5.744,-5.950,-0.229,-0.223
3559,-6.000,-5.729,-5.834,-0.230,-0.228
3564,-6.000,-5.721,-5.775,-0.230,-0.232
3569,-6.000,-6.178,-5.744,-0.208,-0.233
3574,-6.000,-5.952,-5.729,-0.219,-0.234
3579,-6.000,-5.836,-5.721,-0.225,-0.235
3584,-6.000,-5.776,-6.178,-0.228,-0.212
3589,-6.000,-5.745,-5.952,-0.230,-0.224
3594,-6.000,-5.729,-5.836,-0.231,-0.229
3599,-6.000,-5.721,-5.776,-0.231,-0.233
3604,-6.000,-5.716,-5.745,-0.232,-0.234
3609,-6.000,-5.714,-5.729,-0.232,-0.235
3614,-6.000,-5.713,-5.721,-0.233,-0.236
3619,-6.000,-6.174,-5.716,-0.210,-0.237
3624,-6.000,-5.950,-5.714,-0.221,-0.237
3629,-6.000,-5.835,-6.175,-0.227,-0.214
3634,-6.000,-5.775,-5.950,-0.230,-0.225
3639,-6.000,-5.744,-5.835,-0.232,-0.231
3644,-6.000,-6.191,-5.775,-0.210,-0.234
3649,-6.000,-5.958,-5.745,-0.221,-0.236
3654,-6.000,-5.839,-6.191,-0.227,-0.214
3659,-6.000,-5.777,-5.958,-0.230,-0.225
3664,-6.000,-5.746,-5.839,-0.232,-0.231
3669,-6.000,-5.729,-5.777,-0.233,-0.235
3674,-6.000,-5.721,-5.746,-0.234,-0.236
3679,-6.000,-5.717,-5.729,-0.234,-0.238
3684,-6.000,-6.176,-5.721,-0.212,-0.238
3689,-6.000,-5.951,-5.717,-0.223,-0.239
3694,-6.000,-5.835,-6.176,-0.229,-0.216
3699,-6.000,-5.775,-5.951,-0.232,-0.227
3704,-6.000,-5.745,-5.835,-0.233,-0.233
3709,-6.000,-6.191,-5.775,-0.211,-0.236
3714,-6.000,-5.958,-6.206,-0.223,-0.215
3719,-6.000,-5.839,-5.967,-0.229,-0.227
3724,-6.000,-5.777,-5.843,-0.232,-0.233
3729,-6.000,-5.746,-5.779,-0.234,-0.236
3734,-6.000,-5.729,-5.747,-0.235,-0.238
3739,-6.000,-5.721,-5.730,-0.236,-0.239
3744,-6.000,-6.178,-5.721,-0.213,-0.240
3749,-6.000,-5.952,-6.179,-0.224,-0.217
3754,-6.000,-5.836,-5.952,-0.230,-0.228
3759,-6.000,-5.776,-5.836,-0.233,-0.234
3764,-6.000,-6.207,-5.776,-0.212,-0.237
3769,-6.000,-5.967,-5.745,-0.224,-0.239
3774,-6.000,-5.843,-6.191,-0.230,-0.217
3779,-6.000,-5.779,-5.958,-0.233,-0.228
3784,-6.000,-5.747,-5.839,-0.235,-0.234
3789,-6.000,-5.730,-5.777,-0.236,-0.238
3794,-6.000,-6.183,-5.746,-0.214,-0.240
3799,-6.000,-5.955,-6.191,-0.225,-0.218
3804,-6.000,-5.837,-5.959,-0.231,-0.229
3809,-6.000,-5.776,-5.839,-0.234,-0.235
3814,-6.000,-6.207,-5.777,-0.213,-0.238
3819,-6.000,-5.967,-6.208,-0.225,-0.217
3824,-6.000,-5.843,-5.967,-0.231,-0.229
3829,-6.000,-5.780,-5.843,-0.234,-0.235
3834,-6.000,-5.747,-5.780,-0.236,-0.238
3839,-6.000,-5.730,-5.747,-0.237,-0.240
3844,-6.000,-6.183,-5.730,-0.215,-0.241
3849,-6.000,-5.955,-5.721,-0.226,-0.242
3854,-6.000,-5.837,-6.179,-0.232,-0.219
3859,-6.000,-5.776,-5.952,-0.235,-0.231
3864,-6.000,-6.207,-5.836,-0.214,-0.236
3869,-6.000,-5.967,-6.238,-0.226,-0.216
3874,-6.000,-5.843,-5.983,-0.232,-0.229
3879,-6.000,-5.780,-5.851,-0.235,-0.236
3884,-6.000,-5.747,-5.784,-0.237,-0.239
3889,-6.000,-5.730,-5.749,-0.238,-0.241
3894,-6.000,-6.183,-5.731,-0.216,-0.242
3899,-6.000,-5.955,-6.184,-0.227,-0.220
3904,-6.000,-5.837,-5.955,-0.233,-0.231
3909,-6.000,-6.238,-5.837,-0.213,-0.237
3914,-6.000,-5.983,-5.776,-0.226,-0.240
3919,-6.000,-5.851,-6.207,-0.232,-0.219
3924,-6.000,-5.784,-5.967,-0.236,-0.231
3929,-6.000,-5.749,-5.843,-0.238,-0.237
3934,-6.000,-6.193,-5.780,-0.216,-0.240
3939,-6.000,-5.960,-5.747,-0.227,-0.242
3944,-6.000,-5.839,-6.192,-0.233,-0.220
3949,-6.000,-6.240,-5.959,-0.213,-0.232
3954,-6.000,-5.984,-5.839,-0.226,-0.238
3959,-6.000,-5.852,-6.239,-0.233,-0.218
3964,-6.000,-5.784,-5.983,-0.236,-0.230
3969,-6.000,-5.749,-5.852,-0.238,-0.237
3974,-6.000,-5.731,-5.784,-0.239,-0.240
3979,-6.000,-6.184,-5.749,-0.217,-0.242
3984,-6.000,-5.955,-6.193,-0.228,-0.220
3989,-6.000,-5.837,-5.960,-0.234,-0.232
3994,-6.000,-6.238,-5.839,-0.214,-0.238
3999,-6.000,-5.983,-5.778,-0.227,-0.241
4004,-6.000,-5.851,-6.208,-0.233,-0.220
4009,-6.000,-5.784,-5.967,-0.237,-0.232
4014,-6.000,-5.749,-5.843,-0.239,-0.238
4019,-6.000,-6.193,-5.780,-0.217,-0.241
4024,-6.000,-5.960,-5.747,-0.228,-0.243
4029,-6.000,-5.839,-6.192,-0.234,-0.221
4034,-6.000,-6.240,-5.959,-0.214,-0.233
4039,-6.000,-5.984,-5.839,-0.227,-0.239
4044,-6.000,-5.852,-6.239,-0.234,-0.219
4049,-6.000,-5.784,-5.983,-0.237,-0.231
4054,-6.000,-5.749,-5.852,-0.239,-0.238
4059,-6.000,-6.193,-5.784,-0.217,-0.242
4064,-6.000,-5.960,-5.749,-0.229,-0.244
4069,-6.000,-5.839,-6.193,-0.235,-0.222
4074,-6.000,-6.240,-5.960,-0.215,-0.233
4079,-6.000,-5.984,-5.839,-0.227,-0.239
4084,-6.000,-5.852,-6.240,-0.234,-0.219
4089,-6.000,-5.784,-5.984,-0.238,-0.232
4094,-6.000,-5.749,-5.852,-0.240,-0.238
4099,-6.000,-6.193,-5.784,-0.218,-0.242
4104,-6.000,-5.960,-5.749,-0.229,-0.244
4109,-6.000,-5.839,-6.193,-0.235,-0.222
4114,-6.000,-6.240,-5.960,-0.215,-0.233
4119,-6.000,-5.984,-5.839,-0.228,-0.239
4124,-6.000,-5.852,-6.240,-0.234,-0.220
4129,-6.000,-5.784,-5.984,-0.238,-0.232
4134,-6.000,-5.749,-5.852,-0.240,-0.239
4139,-6.000,-6.193,-5.784,-0.218,-0.242
4144,-6.000,-5.960,-6.211,-0.229,-0.221
4149,-6.000,-5.839,-5.969,-0.235,-0.233
4154,-6.000,-6.240,-5.844,-0.216,-0.239
4159,-6.000,-5.984,-6.242,-0.228,-0.220
4164,-6.000,-5.852,-5.985,-0.235,-0.232
4169,-6.000,-5.784,-5.852,-0.238,-0.239
4174,-6.000,-5.749,-5.784,-0.240,-0.242
4179,-6.000,-6.193,-5.749,-0.218,-0.244
4184,-6.000,-5.960,-6.193,-0.230,-0.222
4189,-6.000,-6.301,-5.960,-0.213,-0.234
4194,-6.000,-6.015,-5.839,-0.227,-0.240
4199,-6.000,-5.868,-6.240,-0.234,-0.220
4204,-6.000,-5.792,-5.984,-0.238,-0.233
4209,-6.000,-5.753,-5.852,-0.240,-0.239
4214,-6.000,-6.195,-5.784,-0.218,-0.243
4219,-6.000,-5.961,-5.749,-0.230,-0.245
4224,-6.000,-5.840,-6.193,-0.236,-0.223
4229,-6.000,-5.778,-5.960,-0.239,-0.234
4234,-6.000,-6.208,-5.839,-0.218,-0.240
4239,-6.000,-5.967,-6.240,-0.230,-0.221
4244,-6.000,-5.843,-5.984,-0.236,-0.233
4249,-6.000,-5.780,-5.852,-0.239,-0.240
4254,-6.000,-6.209,-5.784,-0.218,-0.243
4259,-6.000,-5.968,-6.211,-0.230,-0.222
4264,-6.000,-5.844,-5.969,-0.236,-0.234
4269,-6.000,-6.242,-5.844,-0.216,-0.240
4274,-6.000,-5.985,-6.242,-0.229,-0.221
4279,-6.000,-5.852,-5.985,-0.236,-0.233
4284,-6.000,-5.784,-5.852,-0.239,-0.240
4289,-6.000,-6.211,-5.784,-0.218,-0.243
4294,-6.000,-5.969,-6.211,-0.230,-0.222
4299,-6.000,-5.844,-5.969,-0.236,-0.234
4304,-6.000,-6.242,-5.844,-0.217,-0.240
4309,-6.000,-5.985,-5.780,-0.229,-0.244
4314,-6.000,-5.852,-6.209,-0.236,-0.223
4319,-6.000,-5.784,-5.968,-0.239,-0.234
4324,-6.000,-5.749,-5.844,-0.241,-0.241
4329,-6.000,-6.193,-5.780,-0.219,-0.244
4334,-6.000,-5.960,-6.209,-0.231,-0.223
4339,-6.000,-6.301,-5.968,-0.214,-0.235
4344,-6.000,-6.015,-6.306,-0.228,-0.218
4349,-6.000,-5.868,-6.018,-0.235,-0.232
4354,-6.000,-5.792,-5.869,-0.239,-0.239
4359,-6.000,-5.753,-5.793,-0.241,-0.243
4364,-6.000,-6.195,-5.754,-0.219,-0.245
4369,-6.000,-5.961,-6.195,-0.231,-0.223
4374,-6.000,-6.302,-5.961,-0.214,-0.235
4379,-6.000,-6.016,-5.840,-0.228,-0.241
4384,-6.000,-5.868,-6.240,-0.235,-0.221
4389,-6.000,-5.792,-5.984,-0.239,-0.234
4394,-6.000,-5.753,-5.852,-0.241,-0.240
4399,-6.000,-6.195,-5.784,-0.220,-0.244
4404,-6.000,-5.961,-6.211,-0.231,-0.223
4409,-6.000,-6.302,-5.969,-0.214,-0.235
4414,-6.000,-6.016,-5.844,-0.228,-0.241
4419,-6.000,-5.868,-6.242,-0.235,-0.221
4424,-6.000,-5.792,-5.985,-0.239,-0.234
4429,-6.000,-5.753,-5.852,-0.241,-0.241
4434,-6.000,-6.195,-5.784,-0.220,-0.244
4439,-6.000,-5.961,-6.211,-0.231,-0.223
4444,-6.000,-6.302,-5.969,-0.214,-0.235
4449,-6.000,-6.016,-5.844,-0.228,-0.241
4454,-6.000,-5.868,-6.242,-0.235,-0.221
4459,-6.000,-5.792,-5.985,-0.239,-0.234
4464,-6.000,-5.753,-5.852,-0.242,-0.241
4469,-6.000,-6.195,-5.784,-0.220,-0.244
4474,-6.000,-5.961,-6.211,-0.231,-0.223
4479,-6.000,-5.840,-5.969,-0.237,-0.235
4484,-6.000,-6.240,-5.844,-0.218,-0.241
4489,-6.000,-5.984,-6.242,-0.230,-0.222
4494,-6.000,-5.852,-5.985,-0.237,-0.234
4499,-6.000,-5.784,-5.852,-0.240,-0.241
4504,0.000,-6.211,-5.784,0.255,0.230
4509,0.000,-5.969,-5.749,0.249,0.234
4514,0.000,-4.920,-5.269,0.203,0.215
4519,0.000,-3.919,-4.098,0.157,0.162
4524,0.000,-3.403,-3.034,0.136,0.113
4529,0.000,-2.214,-2.486,0.079,0.089
4534,0.000,-1.602,-1.280,0.051,0.031
4539,0.000,-0.825,-1.121,0.014,0.024
4544,0.000,-0.424,-0.577,-0.005,-0.002
4549,0.000,-0.219,-0.297,-0.015,-0.015
4554,0.000,-0.112,-0.153,-0.020,-0.022
4559,0.000,-0.058,-0.079,-0.023,-0.026
4564,0.000,-0.030,-0.041,-0.024,-0.028
4569,0.000,-0.015,-0.021,-0.025,-0.029
4574,0.000,-0.008,-0.011,-0.025,-0.029
4579,0.000,-0.004,-0.006,-0.026,-0.029
4584,0.000,-0.002,-0.003,-0.026,-0.029
4589,0.000,-0.001,-0.001,-0.026,-0.029
4594,0.000,-0.462,-0.001,-0.003,-0.029
4599,0.000,-0.238,-0.000,-0.013,-0.029
4604,0.000,-0.123,-0.000,-0.019,-0.030
4609,0.000,-0.063,-0.000,-0.022,-0.030
4614,0.000,-0.032,-0.000,-0.023,-0.030
4619,0.000,-0.017,-0.000,-0.024,-0.030
4624,0.000,-0.009,-0.000,-0.024,-0.030
4629,0.000,-0.004,-0.000,-0.025,-0.030
4634,0.000,-0.002,-0.000,-0.025,-0.030
4639,0.000,-0.001,-0.000,-0.025,-0.030
4644,0.000,-0.001,-0.000,-0.025,-0.030
4649,0.000,-0.000,-0.000,-0.025,-0.030
4654,0.000,-0.000,-0.000,-0.025,-0.030
4659,0.000,-0.000,-0.000,-0.025,-0.030
4664,0.000,-0.000,-0.000,-0.025,-0.030
4669,0.000,-0.000,-0.000,-0.025,-0.030
4674,0.000,-0.000,-0.000,-0.025,-0.030
4679,0.000,-0.000,-0.000,-0.025,-0.030
4684,0.000,-0.000,-0.000,-0.025,-0.030
4689,0.000,-0.000,-0.000,-0.025,-0.030
4694,0.000,-0.000,-0.000,-0.025,-0.030
4699,0.000,-0.000,-0.000,-0.025,-0.030
4704,0.000,-0.000,-0.000,-0.025,-0.030
4709,0.000,-0.000,-0.000,-0.025,-0.030
4714,0.000,-0.000,-0.000,-0.025,-0.030
4719,0.000,-0.000,-0.000,-0.025,-0.030
4724,0.000,-0.000,-0.000,-0.025,-0.030
4729,0.000,-0.000,-0.000,-0.025,-0.030
4734,0.000,-0.000,-0.000,-0.025,-0.030
4739,0.000,-0.000,-0.000,-0.025,-0.030
4744,0.000,-0.000,-0.000,-0.025,-0.030
4749,0.000,-0.000,-0.000,-0.025,-0.030
4754,0.000,-0.000,-0.000,-0.025,-0.030
4759,0.000,-0.000,-0.000,-0.025,-0.030
4764,0.000,-0.000,-0.000,-0.025,-0.030
4769,0.000,-0.000,-0.000,-0.025,-0.030
4774,0.000,-0.000,-0.000,-0.025,-0.030
4779,0.000,-0.000,-0.000,-0.025,-0.030
4784,0.000,-0.000,-0.000,-0.025,-0.030
4789,0.000,-0.000,-0.000,-0.025,-0.030
4794,0.000,-0.000,-0.000,-0.025,-0.030
4799,0.000,-0.000,-0.000,-0.025,-0.030
4804,0.000,-0.000,-0.000,-0.025,-0.030
4809,0.000,-0.000,-0.000,-0.025,-0.030
4814,0.000,-0.000,-0.000,-0.025,-0.030
4819,0.000,-0.000,-0.000,-0.025,-0.030
4824,0.000,-0.000,-0.000,-0.025,-0.030
4829,0.000,-0.000,-0.000,-0.025,-0.030
4834,0.000,-0.000,-0.000,-0.025,-0.030
4839,0.000,-0.000,-0.000,-0.025,-0.030
4844,0.000,-0.000,-0.000,-0.025,-0.030
4849,0.000,-0.000,-0.000,-0.025,-0.030
4854,0.000,-0.000,-0.000,-0.025,-0.030
4859,0.000,-0.000,-0.000,-0.025,-0.030
4864,0.000,-0.000,-0.000,-0.025,-0.030
4869,0.000,-0.000,-0.000,-0.025,-0.030
4874,0.000,-0.000,-0.000,-0.025,-0.030
4879,0.000,-0.000,-0.000,-0.025,-0.030
4884,0.000,-0.000,-0.000,-0.025,-0.030
4889,0.000,-0.000,-0.000,-0.025,-0.030
4894,0.000,-0.000,-0.000,-0.025,-0.030
4899,0.000,-0.000,-0.000,-0.025,-0.030
4904,0.000,-0.000,-0.000,-0.025,-0.030
4909,0.000,-0.000,-0.000,-0.025,-0.030
4914,0.000,-0.000,-0.000,-0.025,-0.030
4919,0.000,-0.000,-0.000,-0.025,-0.030
4924,0.000,-0.000,-0.000,-0.025,-0.030
4929,0.000,-0.000,-0.000,-0.025,-0.030
4934,0.000,-0.000,-0.000,-0.025,-0.030
4939,0.000,-0.000,-0.000,-0.025,-0.030
4944,0.000,-0.000,-0.000,-0.025,-0.030
4949,0.000,-0.000,-0.000,-0.025,-0.030
4954,0.000,-0.000,-0.000,-0.025,-0.030
4959,0.000,-0.000,-0.000,-0.025,-0.030
4964,0.000,-0.000,-0.000,-0.025,-0.030
4969,0.000,-0.000,-0.000,-0.025,-0.030
4974,0.000,-0.000,-0.000,-0.025,-0.030
4979,0.000,-0.000,-0.000,-0.025,-0.030
4984,0.000,-0.000,-0.000,-0.025,-0.030
4989,0.000,-0.000,-0.000,-0.025,-0.030
4994,0.000,-0.000,-0.000,-0.025,-0.030
4999,0.000,-0.000,-0.000,-0.025,-0.030
t_ms,wref,wl,wr,dl,dr
4,0.000,-0.000,-0.000,0.000,0.000
9,0.000,-0.000,-0.000,0.000,0.000
14,0.000,-0.000,-0.000,0.000,0.000
19,0.000,-0.000,-0.000,0.000,0.000
24,0.000,-0.000,-0.000,0.000,0.000
29,0.000,-0.000,-0.000,0.000,0.000
34,0.000,-0.000,-0.000,0.000,0.000
39,0.000,-0.000,-0.000,0.000,0.000
44,0.000,-0.000,-0.000,0.000,0.000
49,0.000,-0.000,-0.000,0.000,0.000
54,0.000,-0.000,-0.000,0.000,0.000
59,0.000,-0.000,-0.000,0.000,0.000
64,0.000,-0.000,-0.000,0.000,0.000
69,0.000,-0.000,-0.000,0.000,0.000
74,0.000,-0.000,-0.000,0.000,0.000
79,0.000,-0.000,-0.000,0.000,0.000
84,0.000,-0.000,-0.000,0.000,0.000
89,0.000,-0.000,-0.000,0.000,0.000
94,0.000,-0.000,-0.000,0.000,0.000
99,0.000,-0.000,-0.000,0.000,0.000
104,0.000,-0.000,-0.000,0.000,0.000
109,0.000,-0.000,-0.000,0.000,0.000
114,0.000,-0.000,-0.000,0.000,0.000
119,0.000,-0.000,-0.000,0.000,0.000
124,0.000,-0.000,-0.000,0.000,0.000
129,0.000,-0.000,-0.000,0.000,0.000
134,0.000,-0.000,-0.000,0.000,0.000
139,0.000,-0.000,-0.000,0.000,0.000
144,0.000,-0.000,-0.000,0.000,0.000
149,0.000,-0.000,-0.000,0.000,0.000
154,0.000,-0.000,-0.000,0.000,0.000
159,0.000,-0.000,-0.000,0.000,0.000
164,0.000,-0.000,-0.000,0.000,0.000
169,0.000,-0.000,-0.000,0.000,0.000
174,0.000,-0.000,-0.000,0.000,0.000
179,0.000,-0.000,-0.000,0.000,0.000
184,0.000,-0.000,-0.000,0.000,0.000
189,0.000,-0.000,-0.000,0.000,0.000
194,0.000,-0.000,-0.000,0.000,0.000
199,0.000,-0.000,-0.000,0.000,0.000
204,0.000,-0.000,-0.000,0.000,0.000
209,0.000,-0.000,-0.000,0.000,0.000
214,0.000,-0.000,-0.000,0.000,0.000
219,0.000,-0.000,-0.000,0.000,0.000
224,0.000,-0.000,-0.000,0.000,0.000
229,0.000,-0.000,-0.000,0.000,0.000
234,0.000,-0.000,-0.000,0.000,0.000
239,0.000,-0.000,-0.000,0.000,0.000
244,0.000,-0.000,-0.000,0.000,0.000
249,0.000,-0.000,-0.000,0.000,0.000
254,0.000,-0.000,-0.000,0.000,0.000
259,0.000,-0.000,-0.000,0.000,0.000
264,0.000,-0.000,-0.000,0.000,0.000
269,0.000,-0.000,-0.000,0.000,0.000
274,0.000,-0.000,-0.000,0.000,0.000
279,0.000,-0.000,-0.000,0.000,0.000
284,0.000,-0.000,-0.000,0.000,0.000
289,0.000,-0.000,-0.000,0.000,0.000
294,0.000,-0.000,-0.000,0.000,0.000
299,0.000,-0.000,-0.000,0.000,0.000
304,0.000,-0.000,-0.000,0.000,0.000
309,0.000,-0.000,-0.000,0.000,0.000
314,0.000,-0.000,-0.000,0.000,0.000
319,0.000,-0.000,-0.000,0.000,0.000
324,0.000,-0.000,-0.000,0.000,0.000
329,0.000,-0.000,-0.000,0.000,0.000
334,0.000,-0.000,-0.000,0.000,0.000
339,0.000,-0.000,-0.000,0.000,0.000
344,0.000,-0.000,-0.000,0.000,0.000
349,0.000,-0.000,-0.000,0.000,0.000
354,0.000,-0.000,-0.000,0.000,0.000
359,0.000,-0.000,-0.000,0.000,0.000
364,0.000,-0.000,-0.000,0.000,0.000
369,0.000,-0.000,-0.000,0.000,0.000
374,0.000,-0.000,-0.000,0.000,0.000
379,0.000,-0.000,-0.000,0.000,0.000
384,0.000,-0.000,-0.000,0.000,0.000
389,0.000,-0.000,-0.000,0.000,0.000
394,0.000,-0.000,-0.000,0.000,0.000
399,0.000,-0.000,-0.000,0.000,0.000
404,0.000,-0.000,-0.000,0.000,0.000
409,0.000,-0.000,-0.000,0.000,0.000
414,0.000,-0.000,-0.000,0.000,0.000
419,0.000,-0.000,-0.000,0.000,0.000
424,0.000,-0.000,-0.000,0.000,0.000
429,0.000,-0.000,-0.000,0.000,0.000
434,0.000,-0.000,-0.000,0.000,0.000
439,0.000,-0.000,-0.000,0.000,0.000
444,0.000,-0.000,-0.000,0.000,0.000
449,0.000,-0.000,-0.000,0.000,0.000
454,0.000,-0.000,-0.000,0.000,0.000
459,0.000,-0.000,-0.000,0.000,0.000
464,0.000,-0.000,-0.000,0.000,0.000
469,0.000,-0.000,-0.000,0.000,0.000
474,0.000,-0.000,-0.000,0.000,0.000
479,0.000,-0.000,-0.000,0.000,0.000
484,0.000,-0.000,-0.000,0.000,0.000
489,0.000,-0.000,-0.000,0.000,0.000
494,0.000,-0.000,-0.000,0.000,0.000
499,0.000,-0.000,-0.000,0.000,0.000
504,6.000,-0.000,-0.000,0.474,0.474
509,6.000,-0.000,-0.000,0.480,0.480
514,6.000,0.924,0.462,0.440,0.463
519,6.000,1.399,1.624,0.421,0.410
524,6.000,2.568,2.683,0.367,0.362
529,6.000,3.632,3.229,0.318,0.338
534,6.000,4.179,3.972,0.293,0.303
539,6.000,4.923,4.816,0.257,0.263
544,6.000,5.306,5.251,0.239,0.243
549,6.000,5.503,5.475,0.230,0.232
554,6.000,5.604,5.128,0.225,0.250
559,6.000,5.657,5.411,0.223,0.237
564,6.000,5.683,5.557,0.222,0.230
569,6.000,5.697,6.094,0.222,0.204
574,6.000,5.704,5.909,0.222,0.213
579,6.000,6.170,5.813,0.199,0.218
584,6.000,5.948,5.764,0.210,0.220
589,6.000,5.371,5.739,0.239,0.222
594,6.000,5.537,5.264,0.231,0.246
599,6.000,5.622,5.943,0.227,0.213
604,6.000,5.666,5.831,0.225,0.218
609,6.000,5.688,5.773,0.225,0.221
614,6.000,5.700,5.282,0.224,0.246
619,6.000,5.706,5.490,0.224,0.236
624,6.000,5.709,6.060,0.224,0.208
629,6.000,5.710,5.891,0.225,0.217
634,6.000,5.711,5.804,0.225,0.221
639,6.000,5.712,5.759,0.225,0.224
644,6.000,5.712,5.736,0.225,0.225
649,6.000,5.712,5.725,0.226,0.226
654,6.000,5.712,5.718,0.226,0.227
659,6.000,5.712,5.715,0.226,0.227
664,6.000,5.712,5.714,0.227,0.227
669,6.000,5.712,5.713,0.227,0.228
674,6.000,5.712,5.712,0.227,0.228
679,6.000,5.712,5.712,0.227,0.228
684,6.000,5.712,5.712,0.228,0.229
689,6.000,6.174,5.712,0.205,0.229
694,6.000,5.950,5.712,0.216,0.229
699,6.000,5.834,5.712,0.222,0.229
704,6.000,5.313,5.712,0.248,0.230
709,6.000,5.507,6.174,0.239,0.207
714,6.000,6.068,5.950,0.211,0.218
719,6.000,5.895,5.834,0.220,0.224
724,6.000,5.806,5.775,0.225,0.227
729,6.000,5.761,5.744,0.227,0.229
734,6.000,5.737,5.729,0.228,0.230
739,6.000,5.725,5.721,0.229,0.230
744,6.000,5.719,5.716,0.230,0.231
749,6.000,5.715,5.714,0.230,0.231
754,6.000,5.714,6.175,0.231,0.209
759,6.000,5.713,5.950,0.231,0.220
764,6.000,5.712,5.835,0.231,0.225
769,6.000,5.712,5.775,0.232,0.229
774,6.000,5.712,5.745,0.232,0.230
779,6.000,6.174,5.729,0.209,0.231
784,6.000,5.950,5.721,0.220,0.232
789,6.000,5.834,5.716,0.226,0.233
794,6.000,5.775,5.714,0.229,0.233
799,6.000,5.744,5.713,0.231,0.233
804,6.000,5.729,6.174,0.232,0.211
809,6.000,5.721,5.950,0.233,0.222
814,6.000,5.716,5.835,0.233,0.227
819,6.000,5.714,5.775,0.233,0.231
824,6.000,5.713,5.744,0.234,0.232
829,6.000,5.713,5.729,0.234,0.233
834,6.000,6.174,6.182,0.211,0.211
839,6.000,5.950,5.954,0.222,0.222
844,6.000,5.834,5.837,0.228,0.228
849,6.000,5.775,5.776,0.231,0.231
854,6.000,5.744,5.745,0.233,0.233
859,6.000,5.729,5.729,0.234,0.234
864,6.000,5.721,5.721,0.235,0.235
869,6.000,6.178,6.178,0.212,0.212
874,6.000,5.952,5.952,0.223,0.223
879,6.000,5.836,5.836,0.229,0.229
884,6.000,5.776,5.776,0.232,0.232
889,6.000,5.745,5.745,0.234,0.234
894,6.000,5.729,6.191,0.235,0.212
899,6.000,5.721,5.958,0.236,0.223
904,6.000,5.716,5.839,0.236,0.230
909,6.000,6.176,5.777,0.214,0.233
914,6.000,5.951,5.746,0.225,0.235
919,6.000,5.835,5.729,0.231,0.236
924,6.000,5.775,5.721,0.234,0.236
929,6.000,5.745,6.178,0.235,0.214
934,6.000,5.729,5.952,0.237,0.225
939,6.000,6.183,5.836,0.214,0.231
944,6.000,5.954,5.776,0.225,0.234
949,6.000,5.837,6.207,0.231,0.213
954,6.000,5.776,5.967,0.234,0.224
959,6.000,5.745,5.843,0.236,0.231
964,6.000,5.729,5.779,0.237,0.234
969,6.000,6.183,5.747,0.215,0.236
974,6.000,5.954,5.730,0.226,0.237
979,6.000,5.837,5.721,0.232,0.238
984,6.000,5.776,6.179,0.235,0.215
989,6.000,5.745,5.952,0.237,0.226
994,6.000,6.191,5.836,0.215,0.232
999,6.000,5.959,6.238,0.226,0.212
1004,6.000,5.839,5.983,0.232,0.225
1009,6.000,5.777,5.851,0.236,0.231
1014,6.000,5.746,5.784,0.237,0.235
1019,6.000,5.729,5.749,0.239,0.237
1024,6.000,5.721,5.731,0.239,0.238
1029,6.000,6.178,6.184,0.217,0.215
1034,6.000,5.952,5.955,0.228,0.227
1039,6.000,5.836,5.837,0.234,0.233
1044,6.000,5.776,5.776,0.237,0.236
1049,6.000,6.207,6.207,0.215,0.214
1054,6.000,5.967,5.967,0.227,0.226
1059,6.000,5.843,5.843,0.233,0.233
1064,6.000,5.779,5.780,0.237,0.236
1069,6.000,5.747,5.747,0.239,0.238
1074,6.000,5.730,5.730,0.240,0.239
1079,6.000,6.183,6.183,0.217,0.216
1084,6.000,5.955,5.955,0.229,0.228
1089,6.000,5.837,5.837,0.235,0.234
1094,6.000,6.238,6.238,0.215,0.214
1099,6.000,5.983,5.983,0.227,0.226
1104,6.000,5.851,5.851,0.234,0.233
1109,6.000,5.784,5.784,0.237,0.236
1114,6.000,5.749,5.749,0.239,0.238
1119,6.000,5.731,6.193,0.240,0.216
1124,6.000,5.722,5.960,0.241,0.228
1129,6.000,6.179,5.839,0.219,0.234
1134,6.000,5.952,5.778,0.230,0.237
1139,6.000,5.836,6.208,0.236,0.216
1144,6.000,6.238,5.967,0.216,0.228
1149,6.000,5.983,5.843,0.228,0.234
1154,6.000,5.851,5.780,0.235,0.237
1159,6.000,5.784,5.747,0.238,0.239
1164,6.000,5.749,6.192,0.240,0.217
1169,6.000,5.731,5.959,0.241,0.229
1174,6.000,6.184,5.839,0.219,0.235
1179,6.000,5.955,6.239,0.230,0.215
1184,6.000,5.837,5.983,0.236,0.227
1189,6.000,6.238,5.852,0.216,0.234
1194,6.000,5.983,5.784,0.229,0.237
1199,6.000,5.851,5.749,0.235,0.239
1204,6.000,5.784,6.193,0.239,0.217
1209,6.000,5.749,5.960,0.241,0.229
1214,6.000,5.731,5.839,0.242,0.235
1219,6.000,6.184,6.240,0.220,0.215
1224,6.000,5.955,5.984,0.231,0.228
1229,6.000,5.837,5.852,0.237,0.234
1234,6.000,6.238,5.784,0.217,0.238
1239,6.000,5.983,5.749,0.230,0.240
1244,6.000,5.851,6.193,0.236,0.218
1249,6.000,5.784,5.960,0.240,0.229
1254,6.000,5.749,5.839,0.242,0.235
1259,6.000,6.193,6.240,0.220,0.216
1264,6.000,5.960,5.984,0.231,0.228
1269,6.000,5.839,5.852,0.237,0.235
1274,6.000,6.240,5.784,0.217,0.238
1279,6.000,5.984,5.749,0.230,0.240
1284,6.000,5.852,6.193,0.236,0.218
1289,6.000,5.784,5.960,0.240,0.230
1294,6.000,5.749,5.839,0.242,0.236
1299,6.000,6.193,6.240,0.220,0.216
1304,6.000,5.960,5.984,0.232,0.228
1309,6.000,5.839,5.852,0.238,0.235
1314,6.000,5.778,5.784,0.241,0.239
1319,6.000,6.208,5.749,0.220,0.241
1324,6.000,5.967,6.193,0.231,0.219
1329,6.000,5.843,5.960,0.238,0.230
1334,6.000,5.780,5.839,0.241,0.236
1339,6.000,6.209,6.240,0.220,0.216
1344,6.000,5.968,5.984,0.232,0.229
1349,6.000,5.844,5.852,0.238,0.235
1354,6.000,6.242,5.784,0.218,0.239
1359,6.000,5.985,6.211,0.231,0.218
1364,6.000,5.852,5.969,0.237,0.230
1369,6.000,5.784,5.844,0.241,0.236
1374,6.000,5.749,6.242,0.243,0.216
1379,6.000,6.193,5.985,0.221,0.229
1384,6.000,5.960,5.852,0.232,0.236
1389,6.000,5.839,5.784,0.238,0.239
1394,6.000,6.240,5.749,0.219,0.241
1399,6.000,5.984,6.193,0.231,0.219
1404,6.000,5.852,5.960,0.238,0.231
1409,6.000,5.784,6.301,0.241,0.214
1414,6.000,5.749,6.015,0.243,0.228
1419,6.000,6.193,5.868,0.221,0.235
1424,6.000,5.960,5.792,0.233,0.239
1429,6.000,5.839,5.753,0.239,0.241
1434,6.000,6.240,6.195,0.219,0.219
1439,6.000,5.984,5.961,0.231,0.231
1444,6.000,5.852,5.840,0.238,0.237
1449,6.000,5.784,6.240,0.242,0.217
1454,6.000,6.211,5.984,0.221,0.229
1459,6.000,5.969,5.852,0.232,0.236
1464,6.000,5.844,5.784,0.239,0.240
1469,6.000,6.242,6.211,0.219,0.219
1474,6.000,5.985,5.969,0.232,0.230
1479,6.000,5.852,5.844,0.238,0.237
1484,6.000,5.784,6.242,0.242,0.217
1489,6.000,5.749,5.985,0.244,0.230
1494,6.000,6.193,5.852,0.222,0.236
1499,6.000,5.960,5.784,0.233,0.240
1504,6.000,5.839,5.749,0.239,0.242
1509,6.000,6.240,6.193,0.219,0.220
1514,6.000,5.984,5.960,0.232,0.231
1519,6.000,5.852,6.301,0.239,0.214
1524,6.000,5.784,6.015,0.242,0.228
1529,6.000,6.211,5.868,0.221,0.236
1534,6.000,5.969,5.792,0.233,0.239
1539,6.000,5.844,5.753,0.239,0.242
1544,6.000,6.242,6.195,0.219,0.220
1549,6.000,5.985,5.961,0.232,0.231
1554,6.000,5.852,5.840,0.239,0.237
1559,6.000,5.784,6.240,0.242,0.218
1564,6.000,6.211,5.984,0.221,0.230
1569,6.000,5.969,5.852,0.233,0.237
1574,6.000,5.844,5.784,0.239,0.240
1579,6.000,6.242,6.211,0.220,0.219
1584,6.000,5.985,5.969,0.232,0.231
1589,6.000,5.852,6.306,0.239,0.214
1594,6.000,5.784,6.018,0.242,0.228
1599,6.000,5.749,5.869,0.244,0.236
1604,6.000,6.193,5.793,0.222,0.240
1609,6.000,5.960,5.754,0.234,0.242
1614,6.000,5.839,6.195,0.240,0.220
1619,6.000,6.240,5.961,0.220,0.232
1624,6.000,5.984,5.840,0.233,0.238
1629,6.000,5.852,6.240,0.239,0.218
1634,6.000,5.784,5.984,0.243,0.230
1639,6.000,6.211,5.852,0.222,0.237
1644,6.000,5.969,5.784,0.234,0.240
1649,6.000,6.306,6.211,0.217,0.219
1654,6.000,6.018,5.969,0.231,0.231
1659,6.000,5.869,5.844,0.238,0.238
1664,6.000,5.793,6.242,0.242,0.218
1669,6.000,5.754,5.985,0.244,0.230
1674,6.000,6.195,5.852,0.222,0.237
1679,6.000,5.961,5.784,0.234,0.241
1684,6.000,5.840,6.211,0.240,0.219
1689,6.000,6.240,5.969,0.220,0.231
1694,6.000,5.984,5.844,0.233,0.238
1699,6.000,5.852,6.242,0.239,0.218
1704,6.000,5.784,5.985,0.243,0.231
1709,6.000,6.211,5.852,0.222,0.237
1714,6.000,5.969,5.784,0.234,0.241
1719,6.000,5.844,6.211,0.240,0.220
1724,6.000,6.242,5.969,0.220,0.231
1729,6.000,5.985,6.306,0.233,0.215
1734,6.000,5.852,6.018,0.240,0.229
1739,6.000,5.784,5.869,0.243,0.236
1744,6.000,6.211,5.793,0.222,0.240
1749,6.000,5.969,5.754,0.234,0.242
1754,6.000,5.844,6.195,0.240,0.220
1759,6.000,6.242,5.961,0.220,0.232
1764,6.000,5.985,5.840,0.233,0.238
1769,6.000,5.852,6.240,0.240,0.218
1774,6.000,5.784,5.984,0.243,0.231
1779,6.000,6.211,5.852,0.222,0.237
1784,6.000,5.969,5.784,0.234,0.241
1789,6.000,5.844,6.211,0.240,0.220
1794,6.000,6.242,5.969,0.221,0.232
1799,6.000,5.985,6.306,0.233,0.215
1804,6.000,5.852,6.018,0.240,0.229
1809,6.000,5.784,5.869,0.243,0.236
1814,6.000,6.211,5.793,0.222,0.240
1819,6.000,5.969,5.754,0.234,0.243
1824,6.000,6.306,6.195,0.217,0.221
1829,6.000,6.018,5.961,0.231,0.232
1834,6.000,5.869,5.840,0.239,0.238
1839,6.000,5.793,6.240,0.243,0.218
1844,6.000,5.754,5.984,0.245,0.231
1849,6.000,6.195,5.852,0.223,0.238
1854,6.000,5.961,5.784,0.235,0.241
1859,6.000,6.302,6.211,0.218,0.220
1864,6.000,6.016,5.969,0.232,0.232
1869,6.000,5.868,6.306,0.239,0.215
1874,6.000,5.792,6.018,0.243,0.229
1879,6.000,5.753,5.869,0.245,0.237
1884,6.000,6.195,5.793,0.223,0.241
1889,6.000,5.961,6.216,0.235,0.220
1894,6.000,6.302,5.971,0.218,0.232
1899,6.000,6.016,5.845,0.232,0.238
1904,6.000,5.868,6.243,0.239,0.218
1909,6.000,5.792,5.985,0.243,0.231
1914,6.000,5.753,5.853,0.245,0.238
1919,6.000,6.195,5.784,0.223,0.241
1924,6.000,5.961,6.211,0.235,0.220
1929,6.000,6.302,5.969,0.218,0.232
1934,6.000,6.016,5.844,0.232,0.238
1939,6.000,5.868,6.242,0.239,0.218
1944,6.000,5.792,5.985,0.243,0.231
1949,6.000,6.215,5.852,0.222,0.238
1954,6.000,5.971,5.784,0.234,0.241
1959,6.000,5.845,6.211,0.240,0.220
1964,6.000,6.243,5.969,0.221,0.232
1969,6.000,5.985,5.844,0.233,0.238
1974,6.000,5.853,6.242,0.240,0.219
1979,6.000,5.784,5.985,0.244,0.231
1984,6.000,6.211,5.852,0.222,0.238
1989,6.000,5.969,6.246,0.234,0.218
1994,6.000,5.844,5.987,0.241,0.231
1999,6.000,6.242,5.854,0.221,0.238
2004,0.000,5.985,6.247,-0.240,-0.256
2009,0.000,5.852,5.987,-0.240,-0.249
2014,0.000,4.860,4.930,-0.196,-0.202
2019,0.000,3.888,3.924,-0.152,-0.157
2024,0.000,3.387,3.406,-0.131,-0.135
2029,0.000,2.206,2.215,-0.076,-0.079
2034,0.000,1.597,1.602,-0.047,-0.050
2039,0.000,0.822,1.287,-0.010,-0.036
2044,0.000,0.423,0.662,0.009,-0.006
2049,0.000,0.218,0.341,0.019,0.009
2054,0.000,0.112,0.176,0.024,0.017
2059,0.000,0.058,0.090,0.027,0.021
2064,0.000,0.030,0.047,0.028,0.023
2069,0.000,0.015,0.024,0.029,0.024
2074,0.000,0.008,0.012,0.029,0.025
2079,0.000,0.004,0.006,0.029,0.025
2084,0.000,0.002,0.003,0.029,0.025
2089,0.000,0.001,0.002,0.029,0.025
2094,0.000,0.462,0.001,0.006,0.025
2099,0.000,0.238,0.000,0.017,0.025
2104,0.000,0.123,0.000,0.022,0.025
2109,0.000,0.063,0.000,0.025,0.025
2114,0.000,0.494,0.000,0.004,0.025
2119,0.000,0.255,0.000,0.015,0.025
2124,0.000,0.131,0.000,0.021,0.025
2129,0.000,0.067,0.000,0.024,0.025
2134,0.000,0.035,0.000,0.026,0.025
2139,0.000,0.018,0.000,0.027,0.025
2144,0.000,0.009,0.000,0.027,0.025
2149,0.000,0.005,0.000,0.027,0.025
2154,0.000,0.002,0.000,0.027,0.025
2159,0.000,0.001,0.000,0.027,0.025
2164,0.000,0.001,0.000,0.027,0.025
2169,0.000,0.000,0.000,0.027,0.025
2174,0.000,0.000,0.000,0.027,0.025
2179,0.000,0.000,0.000,0.027,0.025
2184,0.000,0.000,0.000,0.027,0.025
2189,0.000,0.000,0.000,0.027,0.025
2194,0.000,0.000,0.000,0.027,0.025
2199,0.000,0.000,0.000,0.027,0.025
2204,0.000,0.000,0.000,0.027,0.025
2209,0.000,0.000,0.000,0.027,0.025
2214,0.000,0.000,0.000,0.027,0.025
2219,0.000,0.000,0.000,0.027,0.025
2224,0.000,0.000,0.000,0.027,0.025
2229,0.000,0.000,0.000,0.027,0.025
2234,0.000,0.000,0.000,0.027,0.025
2239,0.000,0.000,0.000,0.027,0.025
2244,0.000,0.000,0.000,0.027,0.025
2249,0.000,0.000,0.000,0.027,0.025
2254,0.000,0.000,0.000,0.027,0.025
2259,0.000,0.000,0.000,0.027,0.025
2264,0.000,0.000,0.000,0.027,0.025
2269,0.000,0.000,0.000,0.027,0.025
2274,0.000,0.000,0.000,0.027,0.025
2279,0.000,0.000,0.000,0.027,0.025
2284,0.000,0.000,0.000,0.027,0.025
2289,0.000,0.000,0.000,0.027,0.025
2294,0.000,0.000,0.000,0.027,0.025
2299,0.000,0.000,0.000,0.027,0.025
2304,0.000,0.000,0.000,0.027,0.025
2309,0.000,0.000,0.000,0.027,0.025
2314,0.000,0.000,0.000,0.027,0.025
2319,0.000,0.000,0.000,0.027,0.025
2324,0.000,0.000,0.000,0.027,0.025
2329,0.000,0.000,0.000,0.027,0.025
2334,0.000,0.000,0.000,0.027,0.025
2339,0.000,0.000,0.000,0.027,0.025
2344,0.000,0.000,0.000,0.027,0.025
2349,0.000,0.000,0.000,0.027,0.025
2354,0.000,0.000,0.000,0.027,0.025
2359,0.000,0.000,0.000,0.027,0.025
2364,0.000,0.000,0.000,0.027,0.025
2369,0.000,0.000,0.000,0.027,0.025
2374,0.000,0.000,0.000,0.027,0.025
2379,0.000,0.000,0.000,0.027,0.025
2384,0.000,0.000,0.000,0.027,0.025
2389,0.000,0.000,0.000,0.027,0.025
2394,0.000,0.000,0.000,0.027,0.025
2399,0.000,0.000,0.000,0.027,0.025
2404,0.000,0.000,0.000,0.027,0.025
2409,0.000,0.000,0.000,0.027,0.025
2414,0.000,0.000,0.000,0.027,0.025
2419,0.000,0.000,0.000,0.027,0.025
2424,0.000,0.000,0.000,0.027,0.025
2429,0.000,0.000,0.000,0.027,0.025
2434,0.000,0.000,0.000,0.027,0.025
2439,0.000,0.000,0.000,0.027,0.025
2444,0.000,0.000,0.000,0.027,0.025
2449,0.000,0.000,0.000,0.027,0.025
2454,0.000,0.000,0.000,0.027,0.025
2459,0.000,0.000,0.000,0.027,0.025
2464,0.000,0.000,0.000,0.027,0.025
2469,0.000,0.000,0.000,0.027,0.025
2474,0.000,0.000,0.000,0.027,0.025
2479,0.000,0.000,0.000,0.027,0.025
2484,0.000,0.000,0.000,0.027,0.025
2489,0.000,0.000,0.000,0.027,0.025
2494,0.000,0.000,0.000,0.027,0.025
2499,0.000,0.000,0.000,0.027,0.025
2504,0.000,0.000,0.000,0.027,0.025
2509,0.000,0.000,0.000,0.027,0.025
2514,0.000,0.000,0.000,0.027,0.025
2519,0.000,0.000,0.000,0.027,0.025
2524,0.000,0.000,0.000,0.027,0.025
2529,0.000,0.000,0.000,0.027,0.025
2534,0.000,0.000,0.000,0.027,0.025
2539,0.000,0.000,0.000,0.027,0.025
2544,0.000,0.000,0.000,0.027,0.025
2549,0.000,0.000,0.000,0.027,0.025
2554,0.000,0.000,0.000,0.027,0.025
2559,0.000,0.000,0.000,0.027,0.025
2564,0.000,0.000,0.000,0.027,0.025
2569,0.000,0.000,0.000,0.027,0.025
2574,0.000,0.000,0.000,0.027,0.025
2579,0.000,0.000,0.000,0.027,0.025
2584,0.000,0.000,0.000,0.027,0.025
2589,0.000,0.000,0.000,0.027,0.025
2594,0.000,0.000,0.000,0.027,0.025
2599,0.000,0.000,0.000,0.027,0.025
2604,0.000,0.000,0.000,0.027,0.025
2609,0.000,0.000,0.000,0.027,0.025
2614,0.000,0.000,0.000,0.027,0.025
2619,0.000,0.000,0.000,0.027,0.025
2624,0.000,0.000,0.000,0.027,0.025
2629,0.000,0.000,0.000,0.027,0.025
2634,0.000,0.000,0.000,0.027,0.025
2639,0.000,0.000,0.000,0.027,0.025
2644,0.000,0.000,0.000,0.027,0.025
2649,0.000,0.000,0.000,0.027,0.025
2654,0.000,0.000,0.000,0.027,0.025
2659,0.000,0.000,0.000,0.027,0.025
2664,0.000,0.000,0.000,0.027,0.025
2669,0.000,0.000,0.000,0.027,0.025
2674,0.000,0.000,0.000,0.027,0.025
2679,0.000,0.000,0.000,0.027,0.025
2684,0.000,0.000,0.000,0.027,0.025
2689,0.000,0.000,0.000,0.027,0.025
2694,0.000,0.000,0.000,0.027,0.025
2699,0.000,0.000,0.000,0.027,0.025
2704,0.000,0.000,0.000,0.027,0.025
2709,0.000,0.000,0.000,0.027,0.025
2714,0.000,0.000,0.000,0.027,0.025
2719,0.000,0.000,0.000,0.027,0.025
2724,0.000,0.000,0.000,0.027,0.025
2729,0.000,0.000,0.000,0.027,0.025
2734,0.000,0.000,0.000,0.027,0.025
2739,0.000,0.000,0.000,0.027,0.025
2744,0.000,0.000,0.000,0.027,0.025
2749,0.000,0.000,0.000,0.027,0.025
2754,0.000,0.000,0.000,0.027,0.025
2759,0.000,0.000,0.000,0.027,0.025
2764,0.000,0.000,0.000,0.027,0.025
2769,0.000,0.000,0.000,0.027,0.025
2774,0.000,0.000,0.000,0.027,0.025
2779,0.000,0.000,0.000,0.027,0.025
2784,0.000,0.000,0.000,0.027,0.025
2789,0.000,0.000,0.000,0.027,0.025
2794,0.000,0.000,0.000,0.027,0.025
2799,0.000,0.000,0.000,0.027,0.025
2804,0.000,0.000,0.000,0.027,0.025
2809,0.000,0.000,0.000,0.027,0.025
2814,0.000,0.000,0.000,0.027,0.025
2819,0.000,0.000,0.000,0.027,0.025
2824,0.000,0.000,0.000,0.027,0.025
2829,0.000,0.000,0.000,0.027,0.025
2834,0.000,0.000,0.000,0.027,0.025
2839,0.000,0.000,0.000,0.027,0.025
2844,0.000,0.000,0.000,0.027,0.025
2849,0.000,0.000,0.000,0.027,0.025
2854,0.000,0.000,0.000,0.027,0.025
2859,0.000,0.000,0.000,0.027,0.025
2864,0.000,0.000,0.000,0.027,0.025
2869,0.000,0.000,0.000,0.027,0.025
2874,0.000,0.000,0.000,0.027,0.025
2879,0.000,0.000,0.000,0.027,0.025
2884,0.000,0.000,0.000,0.027,0.025
2889,0.000,0.000,0.000,0.027,0.025
2894,0.000,0.000,0.000,0.027,0.025
2899,0.000,0.000,0.000,0.027,0.025
2904,0.000,0.000,0.000,0.027,0.025
2909,0.000,0.000,0.000,0.027,0.025
2914,0.000,0.000,0.000,0.027,0.025
2919,0.000,0.000,0.000,0.027,0.025
2924,0.000,0.000,0.000,0.027,0.025
2929,0.000,0.000,0.000,0.027,0.025
2934,0.000,0.000,0.000,0.027,0.025
2939,0.000,0.000,0.000,0.027,0.025
2944,0.000,0.000,0.000,0.027,0.025
2949,0.000,0.000,0.000,0.027,0.025
2954,0.000,0.000,0.000,0.027,0.025
2959,0.000,0.000,0.000,0.027,0.025
2964,0.000,0.000,0.000,0.027,0.025
2969,0.000,0.000,0.000,0.027,0.025
2974,0.000,0.000,0.000,0.027,0.025
2979,0.000,0.000,0.000,0.027,0.025
2984,0.000,0.000,0.000,0.027,0.025
2989,0.000,0.000,0.000,0.027,0.025
2994,0.000,0.000,0.000,0.027,0.025
2999,0.000,0.000,0.000,0.027,0.025
3004,-6.000,0.000,0.000,-0.447,-0.449
3009,-6.000,0.000,0.000,-0.453,-0.455
3014,-6.000,-0.462,-0.924,-0.436,-0.414
3019,-6.000,-1.624,-1.861,-0.383,-0.373
3024,-6.000,-2.683,-2.344,-0.334,-0.353
3029,-6.000,-3.229,-3.054,-0.310,-0.321
3034,-6.000,-3.972,-3.882,-0.276,-0.282
3039,-6.000,-4.354,-4.308,-0.259,-0.263
3044,-6.000,-5.013,-4.989,-0.228,-0.231
3049,-6.000,-5.352,-4.878,-0.212,-0.237
3054,-6.000,-5.527,-5.283,-0.204,-0.218
3059,-6.000,-5.155,-5.491,-0.223,-0.208
3064,-6.000,-5.425,-5.598,-0.210,-0.204
3069,-6.000,-5.564,-5.192,-0.204,-0.224
3074,-6.000,-5.174,-5.444,-0.224,-0.213
3079,-6.000,-5.435,-5.574,-0.211,-0.207
3084,-6.000,-5.569,-5.179,-0.205,-0.227
3089,-6.000,-5.639,-5.438,-0.202,-0.215
3094,-6.000,-5.674,-5.571,-0.201,-0.209
3099,-6.000,-5.231,-5.639,-0.223,-0.206
3104,-6.000,-5.464,-5.213,-0.212,-0.227
3109,-6.000,-5.584,-5.455,-0.207,-0.216
3114,-6.000,-5.184,-5.118,-0.227,-0.233
3119,-6.000,-5.440,-5.406,-0.215,-0.220
3124,-6.000,-5.572,-5.554,-0.209,-0.213
3129,-6.000,-5.640,-5.631,-0.206,-0.210
3134,-6.000,-5.213,-5.208,-0.228,-0.231
3139,-6.000,-5.455,-5.453,-0.217,-0.220
3144,-6.000,-5.580,-5.579,-0.211,-0.214
3149,-6.000,-5.182,-5.181,-0.231,-0.234
3154,-6.000,-5.439,-5.439,-0.219,-0.222
3159,-6.000,-5.572,-5.571,-0.213,-0.216
3164,-6.000,-5.640,-5.640,-0.210,-0.213
3169,-6.000,-5.675,-5.675,-0.209,-0.212
3174,-6.000,-5.693,-5.693,-0.208,-0.211
3179,-6.000,-5.240,-5.240,-0.231,-0.234
3184,-6.000,-5.469,-5.469,-0.221,-0.223
3189,-6.000,-5.587,-5.587,-0.215,-0.218
3194,-6.000,-5.648,-5.648,-0.213,-0.215
3199,-6.000,-5.217,-5.217,-0.234,-0.237
3204,-6.000,-5.457,-5.457,-0.223,-0.226
3209,-6.000,-5.581,-5.581,-0.218,-0.220
3214,-6.000,-5.644,-5.644,-0.215,-0.218
3219,-6.000,-5.677,-5.677,-0.214,-0.216
3224,-6.000,-5.694,-5.694,-0.213,-0.216
3229,-6.000,-5.703,-5.703,-0.213,-0.216
3234,-6.000,-5.707,-5.707,-0.213,-0.216
3239,-6.000,-5.710,-5.248,-0.213,-0.239
3244,-6.000,-5.249,-5.473,-0.236,-0.229
3249,-6.000,-5.474,-5.589,-0.226,-0.223
3254,-6.000,-5.589,-5.649,-0.221,-0.221
3259,-6.000,-5.649,-5.679,-0.218,-0.220
3264,-6.000,-5.679,-5.695,-0.217,-0.219
3269,-6.000,-5.695,-5.241,-0.216,-0.242
3274,-6.000,-5.703,-5.470,-0.216,-0.231
3279,-6.000,-5.708,-5.587,-0.216,-0.226
3284,-6.000,-5.248,-5.648,-0.240,-0.223
3289,-6.000,-5.473,-5.679,-0.229,-0.222
3294,-6.000,-5.589,-5.695,-0.224,-0.222
3299,-6.000,-5.649,-5.703,-0.221,-0.222
3304,-6.000,-5.679,-5.707,-0.220,-0.222
3309,-6.000,-5.695,-5.710,-0.220,-0.222
3314,-6.000,-5.703,-5.711,-0.220,-0.222
3319,-6.000,-5.708,-5.711,-0.220,-0.222
3324,-6.000,-5.710,-5.712,-0.220,-0.223
3329,-6.000,-5.711,-5.712,-0.220,-0.223
3334,-6.000,-5.711,-5.712,-0.220,-0.223
3339,-6.000,-5.712,-5.712,-0.221,-0.224
3344,-6.000,-5.712,-5.712,-0.221,-0.224
3349,-6.000,-5.712,-5.712,-0.221,-0.224
3354,-6.000,-5.712,-5.712,-0.222,-0.224
3359,-6.000,-5.712,-5.712,-0.222,-0.225
3364,-6.000,-5.712,-5.250,-0.222,-0.248
3369,-6.000,-5.712,-5.474,-0.222,-0.238
3374,-6.000,-5.712,-5.590,-0.223,-0.232
3379,-6.000,-5.712,-6.111,-0.223,-0.207
3384,-6.000,-5.712,-5.917,-0.223,-0.216
3389,-6.000,-5.712,-5.818,-0.224,-0.221
3394,-6.000,-5.712,-5.305,-0.224,-0.247
3399,-6.000,-5.712,-5.502,-0.224,-0.238
3404,-6.000,-5.712,-6.066,-0.224,-0.210
3409,-6.000,-5.712,-5.894,-0.225,-0.219
3414,-6.000,-5.712,-5.806,-0.225,-0.223
3419,-6.000,-5.712,-5.760,-0.225,-0.226
3424,-6.000,-5.712,-5.737,-0.226,-0.227
3429,-6.000,-5.712,-5.725,-0.226,-0.228
3434,-6.000,-5.712,-5.719,-0.226,-0.229
3439,-6.000,-6.174,-5.715,-0.203,-0.229
3444,-6.000,-5.950,-5.714,-0.214,-0.229
3449,-6.000,-5.834,-5.713,-0.220,-0.230
3454,-6.000,-5.775,-5.712,-0.223,-0.230
3459,-6.000,-5.744,-5.712,-0.225,-0.230
3464,-6.000,-5.729,-5.712,-0.226,-0.231
3469,-6.000,-5.721,-5.712,-0.227,-0.231
3474,-6.000,-5.716,-5.712,-0.227,-0.231
3479,-6.000,-5.714,-5.712,-0.228,-0.232
3484,-6.000,-5.713,-5.712,-0.228,-0.232
3489,-6.000,-5.713,-5.712,-0.228,-0.232
3494,-6.000,-5.712,-5.712,-0.229,-0.232
3499,-6.000,-5.712,-5.712,-0.229,-0.233
3504,-6.000,-5.712,-5.712,-0.229,-0.233
3509,-6.000,-5.712,-5.712,-0.229,-0.233
3514,-6.000,-5.712,-6.174,-0.230,-0.210
3519,-6.000,-6.174,-5.950,-0.207,-0.222
3524,-6.000,-5.950,-5.834,-0.218,-0.227
3529,-6.000,-5.834,-5.775,-0.224,-0.230
3534,-6.000,-5.775,-5.744,-0.227,-0.232
3539,-6.000,-5.744,-5.729,-0.229,-0.233
3544,-6.000,-5.729,-5.721,-0.230,-0.234
3549,-6.000,-5.721,-5.716,-0.230,-0.234
3554,-6.000,-5.716,-5.714,-0.231,-0.235
3559,-6.000,-5.714,-6.175,-0.231,-0.212
3564,-6.000,-5.713,-5.950,-0.232,-0.223
3569,-6.000,-5.713,-5.835,-0.232,-0.229
3574,-6.000,-6.174,-5.775,-0.209,-0.232
3579,-6.000,-5.950,-5.745,-0.220,-0.234
3584,-6.000,-5.834,-5.729,-0.226,-0.235
3589,-6.000,-5.775,-5.721,-0.229,-0.236
3594,-6.000,-5.744,-5.716,-0.231,-0.236
3599,-6.000,-5.729,-5.714,-0.232,-0.236
3604,-6.000,-6.182,-5.713,-0.210,-0.237
3609,-6.000,-5.954,-6.174,-0.221,-0.214
3614,-6.000,-5.837,-5.950,-0.227,-0.225
3619,-6.000,-5.776,-5.835,-0.230,-0.231
3624,-6.000,-5.745,-5.775,-0.232,-0.234
3629,-6.000,-5.729,-5.744,-0.233,-0.236
3634,-6.000,-5.721,-5.729,-0.233,-0.237
3639,-6.000,-5.716,-6.182,-0.234,-0.214
3644,-6.000,-5.714,-5.954,-0.234,-0.226
3649,-6.000,-6.175,-5.837,-0.212,-0.232
3654,-6.000,-5.950,-5.776,-0.223,-0.235
3659,-6.000,-5.835,-5.745,-0.228,-0.237
3664,-6.000,-5.775,-5.729,-0.232,-0.238
3669,-6.000,-5.745,-5.721,-0.233,-0.238
3674,-6.000,-6.191,-5.716,-0.211,-0.239
3679,-6.000,-5.958,-6.176,-0.223,-0.216
3684,-6.000,-5.839,-5.951,-0.229,-0.227
3689,-6.000,-5.777,-5.835,-0.232,-0.233
3694,-6.000,-5.746,-5.775,-0.234,-0.236
3699,-6.000,-5.729,-5.745,-0.235,-0.238
3704,-6.000,-5.721,-6.191,-0.236,-0.216
3709,-6.000,-6.178,-5.958,-0.213,-0.227
3714,-6.000,-5.952,-5.839,-0.224,-0.233
3719,-6.000,-5.836,-5.777,-0.230,-0.237
3724,-6.000,-5.776,-5.746,-0.233,-0.238
3729,-6.000,-6.207,-5.729,-0.212,-0.239
3734,-6.000,-5.967,-5.721,-0.224,-0.240
3739,-6.000,-5.843,-6.178,-0.230,-0.218
3744,-6.000,-5.779,-5.952,-0.233,-0.229
3749,-6.000,-5.747,-5.836,-0.235,-0.235
3754,-6.000,-5.730,-5.776,-0.236,-0.238
3759,-6.000,-5.721,-5.745,-0.237,-0.239
3764,-6.000,-6.179,-6.191,-0.214,-0.217
3769,-6.000,-5.952,-5.958,-0.225,-0.229
3774,-6.000,-5.836,-5.839,-0.231,-0.235
3779,-6.000,-5.776,-5.777,-0.234,-0.238
3784,-6.000,-6.207,-5.746,-0.213,-0.240
3789,-6.000,-5.967,-5.729,-0.225,-0.241
3794,-6.000,-5.843,-6.183,-0.231,-0.219
3799,-6.000,-5.779,-5.954,-0.234,-0.230
3804,-6.000,-5.747,-5.837,-0.236,-0.236
3809,-6.000,-5.730,-5.776,-0.237,-0.239
3814,-6.000,-6.183,-6.207,-0.215,-0.218
3819,-6.000,-5.955,-5.967,-0.226,-0.229
3824,-6.000,-5.837,-5.843,-0.232,-0.236
3829,-6.000,-5.776,-5.780,-0.235,-0.239
3834,-6.000,-6.207,-5.747,-0.214,-0.241
3839,-6.000,-5.967,-5.730,-0.226,-0.242
3844,-6.000,-5.843,-6.183,-0.232,-0.220
3849,-6.000,-5.780,-5.955,-0.235,-0.231
3854,-6.000,-5.747,-5.837,-0.237,-0.237
3859,-6.000,-5.730,-5.776,-0.238,-0.240
3864,-6.000,-6.183,-6.207,-0.216,-0.219
3869,-6.000,-5.955,-5.967,-0.227,-0.230
3874,-6.000,-5.837,-5.843,-0.233,-0.237
3879,-6.000,-6.238,-5.780,-0.213,-0.240
3884,-6.000,-5.983,-5.747,-0.226,-0.242
3889,-6.000,-5.851,-5.730,-0.232,-0.243
3894,-6.000,-5.784,-6.183,-0.236,-0.221
3899,-6.000,-5.749,-5.955,-0.238,-0.232
3904,-6.000,-5.731,-5.837,-0.239,-0.238
3909,-6.000,-6.184,-6.238,-0.217,-0.218
3914,-6.000,-5.955,-5.983,-0.228,-0.230
3919,-6.000,-5.837,-5.851,-0.234,-0.237
3924,-6.000,-5.776,-5.784,-0.237,-0.240
3929,-6.000,-6.207,-5.749,-0.216,-0.242
3934,-6.000,-5.967,-5.731,-0.227,-0.244
3939,-6.000,-5.843,-6.184,-0.234,-0.221
3944,-6.000,-5.780,-5.955,-0.237,-0.232
3949,-6.000,-6.209,-5.837,-0.216,-0.238
3954,-6.000,-5.968,-6.238,-0.228,-0.218
3959,-6.000,-5.844,-5.983,-0.234,-0.231
3964,-6.000,-5.780,-5.851,-0.237,-0.238
3969,-6.000,-6.209,-5.784,-0.216,-0.241
3974,-6.000,-5.968,-5.749,-0.228,-0.243
3979,-6.000,-5.844,-6.193,-0.234,-0.221
3984,-6.000,-5.780,-5.960,-0.237,-0.233
3989,-6.000,-5.747,-5.839,-0.239,-0.239
3994,-6.000,-6.192,-5.778,-0.217,-0.242
3999,-6.000,-5.959,-6.208,-0.229,-0.221
4004,-6.000,-5.839,-5.967,-0.235,-0.232
4009,-6.000,-6.239,-5.843,-0.215,-0.239
4014,-6.000,-5.983,-5.780,-0.227,-0.242
4019,-6.000,-5.852,-5.747,-0.234,-0.244
4024,-6.000,-5.784,-6.192,-0.238,-0.222
4029,-6.000,-5.749,-5.959,-0.240,-0.233
4034,-6.000,-6.193,-5.839,-0.218,-0.239
4039,-6.000,-5.960,-6.239,-0.229,-0.220
4044,-6.000,-5.839,-5.983,-0.235,-0.232
4049,-6.000,-6.240,-5.852,-0.215,-0.239
4054,-6.000,-5.984,-5.784,-0.228,-0.242
4059,-6.000,-5.852,-5.749,-0.234,-0.244
4064,-6.000,-5.784,-6.193,-0.238,-0.222
4069,-6.000,-5.749,-5.960,-0.240,-0.234
4074,-6.000,-6.193,-5.839,-0.218,-0.240
4079,-6.000,-5.960,-6.240,-0.230,-0.220
4084,-6.000,-5.839,-5.984,-0.236,-0.232
4089,-6.000,-6.240,-5.852,-0.216,-0.239
4094,-6.000,-5.984,-5.784,-0.228,-0.243
4099,-6.000,-5.852,-5.749,-0.235,-0.245
4104,-6.000,-5.784,-6.193,-0.238,-0.223
4109,-6.000,-5.749,-5.960,-0.240,-0.234
4114,-6.000,-6.193,-5.839,-0.218,-0.240
4119,-6.000,-5.960,-6.240,-0.230,-0.220
4124,-6.000,-5.839,-5.984,-0.236,-0.233
4129,-6.000,-6.240,-5.852,-0.216,-0.239
4134,-6.000,-5.984,-5.784,-0.229,-0.243
4139,-6.000,-5.852,-5.749,-0.235,-0.245
4144,-6.000,-5.784,-6.193,-0.239,-0.223
4149,-6.000,-5.749,-5.960,-0.241,-0.234
4154,-6.000,-6.193,-5.839,-0.219,-0.241
4159,-6.000,-5.960,-6.240,-0.230,-0.221
4164,-6.000,-5.839,-5.984,-0.236,-0.233
4169,-6.000,-6.240,-5.852,-0.217,-0.240
4174,-6.000,-5.984,-5.784,-0.229,-0.243
4179,-6.000,-5.852,-6.211,-0.236,-0.222
4184,-6.000,-5.784,-5.969,-0.239,-0.234
4189,-6.000,-5.749,-5.844,-0.241,-0.240
4194,-6.000,-6.193,-5.780,-0.219,-0.244
4199,-6.000,-5.960,-6.209,-0.231,-0.223
4204,-6.000,-6.301,-5.968,-0.214,-0.234
4209,-6.000,-6.015,-5.844,-0.228,-0.241
4214,-6.000,-5.868,-5.780,-0.235,-0.244
4219,-6.000,-5.792,-6.209,-0.239,-0.223
4224,-6.000,-5.753,-5.968,-0.241,-0.235
4229,-6.000,-6.195,-5.844,-0.219,-0.241
4234,-6.000,-5.961,-6.242,-0.231,-0.221
4239,-6.000,-5.840,-5.985,-0.237,-0.234
4244,-6.000,-6.240,-5.852,-0.217,-0.240
4249,-6.000,-5.984,-5.784,-0.230,-0.244
4254,-6.000,-5.852,-5.749,-0.236,-0.246
4259,-6.000,-5.784,-6.193,-0.240,-0.224
4264,-6.000,-5.749,-5.960,-0.242,-0.235
4269,-6.000,-6.193,-6.301,-0.220,-0.218
4274,-6.000,-5.960,-6.015,-0.231,-0.232
4279,-6.000,-6.301,-5.868,-0.214,-0.240
4284,-6.000,-6.015,-5.792,-0.228,-0.244
4289,-6.000,-5.868,-5.753,-0.236,-0.246
4294,-6.000,-5.792,-6.195,-0.239,-0.224
4299,-6.000,-5.753,-5.961,-0.242,-0.235
4304,-6.000,-6.195,-5.840,-0.220,-0.242
4309,-6.000,-5.961,-6.240,-0.231,-0.222
4314,-6.000,-5.840,-5.984,-0.237,-0.234
4319,-6.000,-6.240,-5.852,-0.218,-0.241
4324,-6.000,-5.984,-5.784,-0.230,-0.244
4329,-6.000,-5.852,-6.211,-0.237,-0.223
4334,-6.000,-5.784,-5.969,-0.240,-0.235
4339,-6.000,-6.211,-5.844,-0.219,-0.241
4344,-6.000,-5.969,-6.242,-0.231,-0.222
4349,-6.000,-5.844,-5.985,-0.237,-0.234
4354,-6.000,-6.242,-5.852,-0.218,-0.241
4359,-6.000,-5.985,-5.784,-0.230,-0.245
4364,-6.000,-5.852,-5.749,-0.237,-0.246
4369,-6.000,-5.784,-6.193,-0.240,-0.225
4374,-6.000,-6.211,-5.960,-0.219,-0.236
4379,-6.000,-5.969,-6.301,-0.231,-0.219
4384,-6.000,-5.844,-6.015,-0.237,-0.233
4389,-6.000,-6.242,-5.868,-0.218,-0.240
4394,-6.000,-5.985,-5.792,-0.230,-0.244
4399,-6.000,-5.852,-5.753,-0.237,-0.246
4404,-6.000,-5.784,-6.195,-0.240,-0.225
4409,-6.000,-5.749,-5.961,-0.242,-0.236
4414,-6.000,-6.193,-6.302,-0.220,-0.219
4419,-6.000,-5.960,-6.016,-0.232,-0.233
4424,-6.000,-6.301,-5.868,-0.215,-0.240
4429,-6.000,-6.015,-5.792,-0.229,-0.244
4434,-6.000,-5.868,-5.753,-0.236,-0.247
4439,-6.000,-5.792,-6.195,-0.240,-0.225
4444,-6.000,-5.753,-5.961,-0.242,-0.236
4449,-6.000,-6.195,-5.840,-0.220,-0.242
4454,-6.000,-5.961,-6.240,-0.232,-0.222
4459,-6.000,-5.840,-5.984,-0.238,-0.235
4464,-6.000,-6.240,-5.852,-0.218,-0.242
4469,-6.000,-5.984,-5.784,-0.231,-0.245
4474,-6.000,-5.852,-6.211,-0.237,-0.224
4479,-6.000,-5.784,-5.969,-0.241,-0.236
4484,-6.000,-6.211,-6.306,-0.220,-0.219
4489,-6.000,-5.969,-6.018,-0.232,-0.233
4494,-6.000,-5.844,-5.869,-0.238,-0.241
4499,-6.000,-6.242,-5.793,-0.218,-0.245
4504,0.000,-5.985,-5.754,0.243,0.227
4509,0.000,-5.852,-5.733,0.242,0.232
4514,0.000,-4.860,-5.261,0.199,0.214
4519,0.000,-4.350,-4.094,0.178,0.161
4524,0.000,-3.163,-3.032,0.123,0.112
4529,0.000,-2.090,-2.484,0.073,0.088
4534,0.000,-1.538,-1.279,0.047,0.030
4539,0.000,-0.792,-1.120,0.011,0.023
4544,0.000,-0.408,-0.577,-0.007,-0.003
4549,0.000,-0.210,-0.297,-0.017,-0.016
4554,0.000,-0.108,-0.153,-0.021,-0.023
4559,0.000,-0.056,-0.079,-0.024,-0.027
4564,0.000,-0.029,-0.041,-0.025,-0.029
4569,0.000,-0.015,-0.021,-0.026,-0.029
4574,0.000,-0.008,-0.011,-0.026,-0.030
4579,0.000,-0.004,-0.006,-0.026,-0.030
4584,0.000,-0.002,-0.003,-0.027,-0.030
4589,0.000,-0.001,-0.001,-0.027,-0.030
4594,0.000,-0.001,-0.463,-0.027,-0.007
4599,0.000,-0.000,-0.238,-0.027,-0.018
4604,0.000,-0.000,-0.123,-0.027,-0.024
4609,0.000,-0.000,-0.063,-0.027,-0.026
4614,0.000,-0.000,-0.032,-0.027,-0.028
4619,0.000,-0.000,-0.017,-0.027,-0.029
4624,0.000,-0.000,-0.471,-0.027,-0.006
4629,0.000,-0.000,-0.242,-0.027,-0.017
4634,0.000,-0.000,-0.125,-0.027,-0.023
4639,0.000,-0.000,-0.526,-0.027,-0.002
4644,0.000,-0.000,-0.271,-0.027,-0.015
4649,0.000,-0.000,-0.139,-0.027,-0.021
4654,0.000,-0.000,-0.072,-0.027,-0.024
4659,0.000,-0.000,-0.037,-0.027,-0.026
4664,0.000,-0.000,-0.019,-0.027,-0.027
4669,0.000,-0.000,-0.010,-0.027,-0.027
4674,0.000,-0.000,-0.005,-0.027,-0.027
4679,0.000,-0.000,-0.003,-0.027,-0.027
4684,0.000,-0.000,-0.001,-0.027,-0.028
4689,0.000,-0.000,-0.001,-0.027,-0.028
4694,0.000,-0.000,-0.000,-0.027,-0.028
4699,0.000,-0.000,-0.000,-0.027,-0.028
4704,0.000,-0.000,-0.000,-0.027,-0.028
4709,0.000,-0.000,-0.000,-0.027,-0.028
4714,0.000,-0.000,-0.000,-0.027,-0.028
4719,0.000,-0.000,-0.000,-0.027,-0.028
4724,0.000,-0.000,-0.000,-0.027,-0.028
4729,0.000,-0.000,-0.000,-0.027,-0.028
4734,0.000,-0.000,-0.000,-0.027,-0.028
4739,0.000,-0.000,-0.000,-0.027,-0.028
4744,0.000,-0.000,-0.000,-0.027,-0.028
4749,0.000,-0.000,-0.000,-0.027,-0.028
4754,0.000,-0.000,-0.000,-0.027,-0.028
4759,0.000,-0.000,-0.000,-0.027,-0.028
4764,0.000,-0.000,-0.000,-0.027,-0.028
4769,0.000,-0.000,-0.000,-0.027,-0.028
4774,0.000,-0.000,-0.000,-0.027,-0.028
4779,0.000,-0.000,-0.000,-0.027,-0.028
4784,0.000,-0.000,-0.000,-0.027,-0.028
4789,0.000,-0.000,-0.000,-0.027,-0.028
4794,0.000,-0.000,-0.000,-0.027,-0.028
4799,0.000,-0.000,-0.000,-0.027,-0.028
4804,0.000,-0.000,-0.000,-0.027,-0.028
4809,0.000,-0.000,-0.000,-0.027,-0.028
4814,0.000,-0.000,-0.000,-0.027,-0.028
4819,0.000,-0.000,-0.000,-0.027,-0.028
4824,0.000,-0.000,-0.000,-0.027,-0.028
4829,0.000,-0.000,-0.000,-0.027,-0.028
4834,0.000,-0.000,-0.000,-0.027,-0.028
4839,0.000,-0.000,-0.000,-0.027,-0.028
4844,0.000,-0.000,-0.000,-0.027,-0.028
4849,0.000,-0.000,-0.000,-0.027,-0.028
4854,0.000,-0.000,-0.000,-0.027,-0.028
4859,0.000,-0.000,-0.000,-0.027,-0.028
4864,0.000,-0.000,-0.000,-0.027,-0.028
4869,0.000,-0.000,-0.000,-0.027,-0.028
4874,0.000,-0.000,-0.000,-0.027,-0.028
4879,0.000,-0.000,-0.000,-0.027,-0.028
4884,0.000,-0.000,-0.000,-0.027,-0.028
4889,0.000,-0.000,-0.000,-0.027,-0.028
4894,0.000,-0.000,-0.000,-0.027,-0.028
4899,0.000,-0.000,-0.000,-0.027,-0.028
4904,0.000,-0.000,-0.000,-0.027,-0.028
4909,0.000,-0.000,-0.000,-0.027,-0.028
4914,0.000,-0.000,-0.000,-0.027,-0.028
4919,0.000,-0.000,-0.000,-0.027,-0.028
4924,0.000,-0.000,-0.000,-0.027,-0.028
4929,0.000,-0.000,-0.000,-0.027,-0.028
4934,0.000,-0.000,-0.000,-0.027,-0.028
4939,0.000,-0.000,-0.000,-0.027,-0.028
4944,0.000,-0.000,-0.000,-0.027,-0.028
4949,0.000,-0.000,-0.000,-0.027,-0.028
4954,0.000,-0.000,-0.000,-0.027,-0.028
4959,0.000,-0.000,-0.000,-0.027,-0.028
4964,0.000,-0.000,-0.000,-0.027,-0.028
4969,0.000,-0.000,-0.000,-0.027,-0.028
4974,0.000,-0.000,-0.000,-0.027,-0.028
4979,0.000,-0.000,-0.000,-0.027,-0.028
4984,0.000,-0.000,-0.000,-0.027,-0.028
4989,0.000,-0.000,-0.000,-0.027,-0.028
4994,0.000,-0.000,-0.000,-0.027,-0.028
4999,0.000,-0.000,-0.000,-0.027,-0.028